,Transformation parameter epsilon,RMS colon PLM,Parameter A,Parameter gamma,Inverse parameter A,Inverse parameter gamma
0,0.0,0.6019349707053484,9.89882907588271e-07,4.474584561698139,9.89882907588271e-07,4.474584561698139
1,0.00277814501226431,0.6017005518292718,1.0590737394595512e-06,4.455408067072727,1.0722641759861978e-06,4.455408067072727
2,0.00555629002452862,0.604308165861956,8.273923394559494e-07,4.51159586887077,8.483953404650381e-07,4.51159586887077
3,0.00833443503679293,0.6041222939003448,8.211059303871038e-07,4.510423446409973,8.525603158472623e-07,4.510423446409973
4,0.01111258004905724,0.6054595191443611,7.630508539867327e-07,4.524984972462301,8.024013642345195e-07,4.524984972462301
5,0.01389072506132155,0.6016186921950861,8.933779680185199e-07,4.484277079233771,9.507960753993476e-07,4.484277079233771
6,0.01666887007358586,0.6061308949627828,7.653698589123471e-07,4.518192539133199,8.252384353255987e-07,4.518192539133199
7,0.01944701508585017,0.6007340987621167,9.346905844432303e-07,4.46754414362525,1.0195289105088275e-06,4.46754414362525
8,0.02222516009811448,0.6008160838288495,1.0228670610052995e-06,4.4430763604811245,1.1290285941568403e-06,4.4430763604811245
9,0.02500330511037879,0.6005991832131937,1.0255163521323809e-06,4.43952917782026,1.1459100748589152e-06,4.43952917782026
10,0.0277814501226431,0.6007417213702171,1.0689287784510589e-06,4.426731606036387,1.2088119631965784e-06,4.426731606036387
11,0.03055959513490741,0.6012307521716321,8.106846908788747e-07,4.489634527577858,9.29903299260841e-07,4.489634527577858
12,0.03333774014717172,0.6001315735205438,9.671633595447375e-07,4.444675604794509,1.1216351510860172e-06,4.444675604794509
13,0.03611588515943603,0.5999693065357473,9.853589320310173e-07,4.437322708527888,1.156627601927617e-06,4.437322708527888
14,0.04167217518396465,0.6004264122530093,8.040380562952334e-07,4.479749327308637,9.69060940985507e-07,4.479749327308637
15,0.04445032019622896,0.5999057109798821,9.504191042687737e-07,4.437116576053217,1.1576348754659244e-06,4.437116576053217
16,0.04722846520849327,0.6003201303634405,7.543171598161308e-07,4.489010346628577,9.324560181683308e-07,4.489010346628577
17,0.05000661022075758,0.6006857367458165,7.306210172941348e-07,4.493618726921856,9.14708578657181e-07,4.493618726921856
18,0.05278475523302189,0.6007550251928423,7.209987924867154e-07,4.493799838494681,9.140100683091241e-07,4.493799838494681
19,0.0555629002452862,0.6002515518725353,7.280238402178766e-07,4.488553907157943,9.342376678281186e-07,4.488553907157943
20,0.05834104525755051,0.5997050044081464,7.385824127151842e-07,4.482203923634176,9.593242711948734e-07,4.482203923634176
21,0.06111919026981482,0.5994090612637735,9.281077889225458e-07,4.425290438296478,1.216359969410935e-06,4.425290438296478
22,0.06389733528207912,0.5994907473211774,7.022489475252406e-07,4.488259825733727,9.354950086240813e-07,4.488259825733727
23,0.06945362530660774,0.5984891627834049,7.192437564759208e-07,4.4767478053081184,9.815438472697624e-07,4.4767478053081184
24,0.07223177031887205,0.5997477228055679,6.545562706495256e-07,4.496035257759662,9.057054499536884e-07,4.496035257759662
25,0.07500991533113636,0.5986811255525017,6.854936154190567e-07,4.4822142272428565,9.594399174490888e-07,4.4822142272428565
26,0.07778806034340068,0.5981898532584977,7.039779987757779e-07,4.473019387639071,9.96944006076176e-07,4.473019387639071
27,0.08056620535566499,0.5975762497887688,8.412035059988442e-07,4.4282325961289715,1.2018285989457077e-06,4.4282325961289715
28,0.0833443503679293,0.5971779246237244,7.964595793358728e-07,4.438188677751271,1.1529444406885654e-06,4.438188677751271
29,0.09167878540472223,0.5974075978989412,8.376530436709511e-07,4.417709644930184,1.2559081812229423e-06,4.417709644930184
30,0.09445693041698654,0.5975402438346497,6.219069809323135e-07,4.484650885916589,9.499381620441621e-07,4.484650885916589
31,0.09723507542925085,0.5963119400831194,7.501777762677532e-07,4.437802286763643,1.154959149069293e-06,4.437802286763643
32,0.10001322044151516,0.5977437448578813,5.911094217220922e-07,4.4907192147533035,9.262391269653233e-07,4.4907192147533035
33,0.10279136545377947,0.5963170929736077,7.853784611596408e-07,4.421330065629243,1.237242351918943e-06,4.421330065629243
34,0.10556951046604378,0.5968108117274716,6.107531808349104e-07,4.477238204149968,9.798042077129839e-07,4.477238204149968
35,0.10834765547830809,0.5966702126798789,8.009742596192637e-07,4.411009658435686,1.2917476733815768e-06,4.411009658435686
36,0.1111258004905724,0.5953460842294962,7.017284013217241e-07,4.439031292168695,1.149218404699416e-06,4.439031292168695
37,0.11390394550283671,0.5961938529102336,5.879150738071488e-07,4.477447202909952,9.790487209789795e-07,4.477447202909952
38,0.11668209051510102,0.5958419187810375,6.001365857460455e-07,4.469745846517044,1.011001357411805e-06,4.469745846517044
39,0.11946023552736533,0.5981695400773736,8.26768639069535e-07,4.392216361840374,1.397192433814385e-06,4.392216361840374
40,0.12223838053962964,0.5991700358322269,8.609407289504156e-07,4.379966947132266,1.4705999543404482e-06,4.379966947132266
41,0.12501652555189394,0.5979756356781611,8.142794663114575e-07,4.390095098275306,1.4097082792473183e-06,4.390095098275306
42,0.12779467056415825,0.5946117910155437,6.052297843140076e-07,4.456256121899596,1.069657708578673e-06,4.456256121899596
43,0.13057281557642256,0.5960964819355771,7.419175297428565e-07,4.406060252001961,1.3188953165449843e-06,4.406060252001961
44,0.13335096058868687,0.5973703051340667,7.81285408776488e-07,4.391219818837194,1.4032046062045703e-06,4.391219818837194
45,0.13612910560095118,0.5957291887881272,7.322527202329984e-07,4.403442547076675,1.3335000699742746e-06,4.403442547076675
46,0.1389072506132155,0.5968282294229864,7.754805776241544e-07,4.387325739424443,1.4264074555127368e-06,4.387325739424443
47,0.1416853956254798,0.5981624493107981,8.014061098718281e-07,4.376883179025203,1.4899655040056859e-06,4.376883179025203
48,0.1444635406377441,0.5955179870272126,7.136142813973429e-07,4.400929298047858,1.3476483947945777e-06,4.400929298047858
49,0.14724168565000842,0.5971427121370937,7.799534487914912e-07,4.377565661234655,1.48592742344037e-06,4.377565661234655
50,0.15001983066227273,0.5955791607078708,7.145480735624364e-07,4.394989154377731,1.381583807437432e-06,4.394989154377731
51,0.15279797567453704,0.5983278082826621,7.881098891435276e-07,4.369540745927746,1.5365493722221867e-06,4.369540745927746
52,0.15557612068680135,0.5981531186033086,7.854897687176716e-07,4.3675230006383785,1.5496582750176595e-06,4.3675230006383785
53,0.15835426569906566,0.6002391517319811,8.240434196557796e-07,4.353676294534168,1.6419608305214535e-06,4.353676294534168
54,0.16113241071132997,0.5958344243481064,7.1909993296208e-07,4.382299914847828,1.4569942891947482e-06,4.382299914847828
55,0.16391055572359428,0.597265689182186,7.411289758763543e-07,4.372535805180599,1.5175909274970939e-06,4.372535805180599
56,0.1666887007358586,0.5984743108287593,5.656776372023678e-07,4.431754633158375,1.18411127365191e-06,4.431754633158375
57,0.1694668457481229,0.599926568062806,7.936214945267776e-07,4.351224678014075,1.6590409306478965e-06,4.351224678014075
58,0.1722449907603872,0.5953814579506362,6.848594921031801e-07,4.382335319159941,1.456874989761633e-06,4.382335319159941
59,0.17502313577265152,0.5959072243096674,7.039509357547404e-07,4.373239091336071,1.5134191070799772e-06,4.373239091336071
60,0.17780128078491583,0.5957691057690812,6.96498287098239e-07,4.372899349807801,1.515608729748879e-06,4.372899349807801
61,0.18057942579718014,0.5946174420338679,6.736895235314085e-07,4.377770618998592,1.4851999102192334e-06,4.377770618998592
62,0.18335757080944445,0.6003368496105258,7.781470609356029e-07,4.341924230174056,1.7250998470492717e-06,4.341924230174056
63,0.18613571582170876,0.5995732900233552,7.557113151930078e-07,4.345864384242739,1.6969368012205907e-06,4.345864384242739
64,0.18891386083397307,0.5906493366435971,4.7681710572715564e-07,4.448623258692533,1.1049325666224131e-06,4.448623258692533
65,0.19169200584623738,0.5939667137679017,6.414529211274351e-07,4.377880226552293,1.4846590584557868e-06,4.377880226552293
66,0.1944701508585017,0.5949349899693938,6.606007903597699e-07,4.368378111904207,1.5448295502949878e-06,4.368378111904207
67,0.197248295870766,0.5941589446625812,6.421062093159231e-07,4.372104346528202,1.521031278988759e-06,4.372104346528202
68,0.20002644088303032,0.5932596741957142,6.211718426382997e-07,4.376911912374371,1.4908562148995953e-06,4.376911912374371
69,0.20280458589529463,0.5936376926094471,6.281839319393419e-07,4.371582492373437,1.524482040709174e-06,4.371582492373437
70,0.20558273090755894,0.594230449661649,6.373562327856863e-07,4.365512128482008,1.5636883547547185e-06,4.365512128482008
71,0.20836087591982325,0.5935637728925406,6.231185493024983e-07,4.367908999732876,1.5481843459840248e-06,4.367908999732876
72,0.21113902093208756,0.5918719617288298,5.795996705347126e-07,4.381641929517147,1.4618722103731613e-06,4.381641929517147
73,0.21391716594435187,0.5925170894995979,5.930337077724886e-07,4.373661097880547,1.511491857282813e-06,4.373661097880547
74,0.21669531095661618,0.5927899893920066,5.967946125317134e-07,4.36946608741279,1.5382733023494166e-06,4.36946608741279
75,0.2222516009811448,0.5886811465842835,4.689790458489514e-07,4.418738980180919,1.2521657132793774e-06,4.418738980180919
76,0.2250297459934091,0.5927800169336759,5.85380939770753e-07,4.3655983487430765,1.563453291183769e-06,4.3655983487430765
77,0.22780789100567342,0.5879328868257269,4.665336088441318e-07,4.414382041654973,1.2753311194138624e-06,4.414382041654973
78,0.23058603601793773,0.5873302470950483,4.168454637421164e-07,4.437165121865052,1.159638826524559e-06,4.437165121865052
79,0.23336418103020204,0.5876513321375356,3.970319993858449e-07,4.4454085672572194,1.120371953022275e-06,4.4454085672572194
80,0.23614232604246635,0.5890337513269568,5.148735552957704e-07,4.383737432412548,1.4496933073489874e-06,4.383737432412548
81,0.23892047105473066,0.5870821988083887,4.0588596209333155e-07,4.434831456358834,1.1710361793152446e-06,4.434831456358834
82,0.24169861606699497,0.5881767255654636,4.966309168002219e-07,4.386409028641068,1.4337320085097595e-06,4.386409028641068
83,0.24447676107925928,0.588115457144945,4.91205854883889e-07,4.386140040035187,1.4353623527445242e-06,4.386140040035187
84,0.2472549060915236,0.5906993710569749,5.334380179212906e-07,4.3647430746813685,1.5695543788796567e-06,4.3647430746813685
85,0.2500330511037879,0.5861079291659157,4.3477391864095157e-07,4.408216785915226,1.309009550133487e-06,4.408216785915226
86,0.2528111961160522,0.5954675466052887,5.927896595973485e-07,4.335468952179474,1.7738271483720993e-06,4.335468952179474
87,0.2555893411283165,0.589293869410969,4.988396075002249e-07,4.371679706743835,1.5248317454435726e-06,4.371679706743835
88,0.2583674861405808,0.5916207467186442,5.313410682612459e-07,4.354716886728873,1.6368376269250098e-06,4.354716886728873
89,0.2611456311528451,0.5972224744095027,6.077621415493541e-07,4.321751226226885,1.8788027963527023e-06,4.321751226226885
90,0.2639237761651094,0.5923528755414699,5.393858658690368e-07,4.345912089326462,1.698364038524318e-06,4.345912089326462
91,0.26670192117737374,0.5927412822485868,5.425597795953909e-07,4.341887381790421,1.7272537153823016e-06,4.341887381790421
92,0.26948006618963805,0.5903974675748815,5.072184368264575e-07,4.354325079011707,1.639826238671784e-06,4.354325079011707
93,0.27225821120190236,0.5892514546507394,4.876909855564529e-07,4.360435376887299,1.5985405164699144e-06,4.360435376887299
94,0.27503635621416667,0.590305330652711,5.001862951177098e-07,4.35204240393026,1.6556525566228417e-06,4.35204240393026
95,0.277814501226431,0.5889283942347475,4.6381534795854165e-07,4.366246952485521,1.5600813329183533e-06,4.366246952485521
96,0.2805926462386953,0.5949088258325491,5.519495836606016e-07,4.324559008058368,1.8573316948180083e-06,4.324559008058368
97,0.2833707912509596,0.5941612773090211,5.399272101400919e-07,4.326809943108516,1.8400092754703689e-06,4.326809943108516
98,0.2861489362632239,0.5910549837879812,4.99520416272941e-07,4.341543789014759,1.7301728704917734e-06,4.341543789014759
99,0.2889270812754882,0.5940501798394049,5.331048341375154e-07,4.324296459336826,1.859614424066342e-06,4.324296459336826
100,0.29170522628775253,0.5882113987469805,4.561349105452356e-07,4.356483272335809,1.6255435985231584e-06,4.356483272335809
101,0.29448337130001684,0.5898324373781568,4.765577837861093e-07,4.344000076276574,1.7126972915731679e-06,4.344000076276574
102,0.29726151631228115,0.5929774409758738,5.106115685272082e-07,4.325898583957721,1.8473959534674895e-06,4.325898583957721
103,0.30003966132454546,0.5929369561463692,5.076249206026027e-07,4.324535994651579,1.858035721218669e-06,4.324535994651579
104,0.30281780633680977,0.5954107719467684,5.295363760626299e-07,4.312437782781675,1.954490473175375e-06,4.312437782781675
105,0.3055959513490741,0.5949003441250027,5.205043610414862e-07,4.313609469836857,1.9450050574198476e-06,4.313609469836857
106,0.3083740963613384,0.5951710685445404,5.202861672426043e-07,4.3110439079640415,1.966072646241036e-06,4.3110439079640415
107,0.313930386385867,0.5944179938004066,5.051457960751986e-07,4.312299453753375,1.9559062625912796e-06,4.312299453753375
108,0.3167085313981313,0.5871777191242158,4.237520696290168e-07,4.348707488386303,1.679785364299571e-06,4.348707488386303
109,0.31948667641039563,0.5809137319627037,2.998345055095334e-07,4.4229312128514175,1.2318818854853336e-06,4.4229312128514175
110,0.32226482142265994,0.5838985261205515,3.679996836212005e-07,4.374671450241387,1.507012950478103e-06,4.374671450241387
111,0.32504296643492425,0.5831084079266357,3.579455132520399e-07,4.378137959521814,1.485436172584229e-06,4.378137959521814
112,0.32782111144718856,0.5846221397035698,3.8231812764798416e-07,4.360839406166853,1.596913971404409e-06,4.360839406166853
113,0.3305992564594529,0.5842463453529421,3.7515458260609534e-07,4.362352881432186,1.5868858350134854e-06,4.362352881432186
114,0.3333774014717172,0.5896484032706742,4.387146657039455e-07,4.325019043026507,1.8551351831667866e-06,4.325019043026507
115,0.3361555464839815,0.587201247101945,4.115873349423835e-07,4.336497553944195,1.7682735220151729e-06,4.336497553944195
116,0.3389336914962458,0.593814332272597,4.722726541363e-07,4.303418974272105,2.0306884548874654e-06,4.303418974272105
117,0.3417118365085101,0.5891292842273442,4.263549478587569e-07,4.323394528637696,1.8680068664457376e-06,4.323394528637696
118,0.3444899815207744,0.5844661002825933,3.728401293018356e-07,4.350374719582692,1.6687167998886903e-06,4.350374719582692
119,0.34726812653303873,0.5790261579354391,2.702278209403371e-07,4.418817348440205,1.2536064128301496e-06,4.418817348440205
120,0.35004627154530304,0.5788841346751288,2.7174103563290267e-07,4.414879521416114,1.2744393733279727e-06,4.414879521416114
121,0.35282441655756736,0.5868545548490236,3.923185560784628e-07,4.331171695091989,1.808435307081874e-06,4.331171695091989
122,0.35560256156983167,0.5975116925973976,1.3314755951436154e-07,4.566897040558886,6.755034530943619e-07,4.566897040558886
123,0.358380706582096,0.5973218778997808,1.3166915098406356e-07,4.566565541697636,6.764518904951017e-07,4.566565541697636
124,0.3611588515943603,0.5908201380512247,4.2240600004284253e-07,4.306995497288431,2.00114837960525e-06,4.306995497288431
125,0.3639369966066246,0.5908565688282573,4.2070893907183313e-07,4.305260697145888,2.0158271495187877e-06,4.305260697145888
126,0.3667151416188889,0.5881562437385397,3.941542807476954e-07,4.316966397420457,1.919537118703951e-06,4.316966397420457
127,0.3722714316434175,0.5892545489195392,3.9894963038024097e-07,4.309064841155785,1.984211543152846e-06,4.309064841155785
128,0.37504957665568184,0.5892528265331803,3.967932981167167e-07,4.30763758590103,1.996185000943032e-06,4.30763758590103
129,0.37782772166794615,0.5907506361356547,4.065266308628733e-07,4.299711618504153,2.063584264486644e-06,4.299711618504153
130,0.38060586668021046,0.5899811268158827,3.9761002178400665e-07,4.3019608670449045,2.0443255800647227e-06,4.3019608670449045
131,0.38338401169247477,0.5860656051119388,3.6551514256230813e-07,4.317787951193719,1.913479467396012e-06,4.317787951193719
132,0.3861621567047391,0.5827561192571116,3.310225900678338e-07,4.3368515432741495,1.7667810715320045e-06,4.3368515432741495
133,0.3889403017170034,0.5952196704143315,1.164867835429727e-07,4.562878924332035,6.870900261824065e-07,4.562878924332035
134,0.3917184467292677,0.5950271354882911,1.1519981211650202e-07,4.562540152155563,6.880759737986248e-07,4.562540152155563
135,0.394496591741532,0.5762044398002253,2.457818492896328e-07,4.394036829975216,1.3911373158413462e-06,4.394036829975216
136,0.3972747367537963,0.5946413351173299,1.1266992791538319e-07,4.561860843021819,6.900572863974556e-07,4.561860843021819
137,0.40005288176606063,0.5865874570561895,2.666406916005088e-07,4.3706424632751135,1.5320931332014385e-06,4.3706424632751135
138,0.40283102677832494,0.5829222027236598,3.2366384385376156e-07,4.3260432839652365,1.848943948058041e-06,4.3260432839652365
139,0.40560917179058925,0.5864543510518374,3.511969234352978e-07,4.305652793986426,2.013760936440162e-06,4.305652793986426
140,0.40838731680285356,0.5835548692856757,3.2986640249052514e-07,4.316710553637448,1.9228765980850585e-06,4.316710553637448
141,0.41116546181511787,0.5750690507402767,2.483053759654039e-07,4.375936938123535,1.5010099723359414e-06,4.375936938123535
142,0.4139436068273822,0.5819322598816116,3.156530330221092e-07,4.3210977403150235,1.8881152677227042e-06,4.3210977403150235
143,0.4167217518396465,0.5781805468883263,2.8054241836546505e-07,4.344120989774911,1.7147364026553494e-06,4.344120989774911
144,0.4194998968519108,0.5762940027666351,2.6311828185956327e-07,4.355444570401903,1.6355136941559017e-06,4.355444570401903
145,0.4222780418641751,0.5737220797457856,1.8376236904439717e-07,4.430774213496519,1.193519887925797e-06,4.430774213496519
146,0.4250561868764394,0.5872878029032916,3.4048997875563955e-07,4.294260212507159,2.112627189724889e-06,4.294260212507159
147,0.42783433188870373,0.5771185520436112,2.6814590046692377e-07,4.343489449211991,1.7195624427139195e-06,4.343489449211991
148,0.43061247690096804,0.5870561214162872,3.3957338221483064e-07,4.289715996539573,2.153598196514843e-06,4.289715996539573
149,0.43339062191323235,0.5805921943574422,2.958961824163594e-07,4.316963189377627,1.9216510533961806e-06,4.316963189377627
150,0.43616876692549666,0.576616648972773,2.605980151863198e-07,4.341857014720025,1.7315313486997435e-06,4.341857014720025
151,0.438946911937761,0.5799396516577419,2.875355597141101e-07,4.317988814226285,1.913548009306387e-06,4.317988814226285
152,0.4417250569500253,0.5830892910604347,3.0697656826792695e-07,4.301263310621108,2.052363224579639e-06,4.301263310621108
153,0.4445032019622896,0.5774084144374769,2.62706841275071e-07,4.3323171397732185,1.8022074958256624e-06,4.3323171397732185
154,0.4472813469745539,0.5784134995872307,2.6950286364508916e-07,4.3242147916147635,1.864446737672692e-06,4.3242147916147635
155,0.4500594919868182,0.5818310111258617,2.925687934783209e-07,4.303921230482862,2.029856607700126e-06,4.303921230482862
156,0.4528376369990825,0.5907308657545539,9.032614030928016e-08,4.554939037219441,7.105751636643558e-07,4.554939037219441
157,0.45561578201134684,0.5769955670543169,2.517808230699543e-07,4.331115472404843,1.8114511117950253e-06,4.331115472404843
158,0.45839392702361115,0.5903346850458318,8.836048379098063e-08,4.554234272542744,7.126982980969659e-07,4.554234272542744
159,0.46117207203587546,0.5732221943949726,2.1822887270200677e-07,4.356734764843626,1.6274160419905954e-06,4.356734764843626
160,0.46395021704813977,0.5899376085841608,8.64391902048069e-08,4.553527273997449,7.148345593588596e-07,4.553527273997449
161,0.4667283620604041,0.5709892117489467,1.9061833812404808e-07,4.3806289449865154,1.4726767930240622e-06,4.3806289449865154
162,0.4722846520849327,0.5714727459041822,2.0253081959808785e-07,4.36240806562682,1.5895249008066743e-06,4.36240806562682
163,0.475062797097197,0.5757230703736778,2.360001133374256e-07,4.326991008703404,1.8435064876634097e-06,4.326991008703404
164,0.4778409421094613,0.5794709603307299,2.6214622893918683e-07,4.301911498545655,2.0478216903813777e-06,4.301911498545655
165,0.48061908712172563,0.5887369716415943,8.093386376715067e-08,4.55138615876874,7.213434565409943e-07,4.55138615876874
166,0.48339723213398994,0.5885409370002678,8.004927859781549e-08,4.551035383366258,7.224154111723952e-07,4.551035383366258
167,0.48617537714625425,0.5883405510399763,7.917729073608349e-08,4.550677195283483,7.235117064625944e-07,4.550677195283483
168,0.48895352215851856,0.5881399680604767,7.831514829169477e-08,4.550318493051033,7.246112492971375e-07,4.550318493051033
169,0.49173166717078287,0.5879391691608186,7.746275423014296e-08,4.54995922872886,7.257141956129095e-07,4.54995922872886
170,0.4972879571953115,0.5875369694207764,7.57867172561066e-08,4.549239128457898,7.279299901446199e-07,4.549239128457898
171,0.5000661022075757,0.5873355631782046,7.4962859209837e-08,4.54887827192713,7.29042921280092e-07,4.54887827192713
172,0.5028442472198401,0.5871339584942376,7.414829319533403e-08,4.54851688351005,7.301592041964755e-07,4.54851688351005
173,0.5056223922321044,0.5869321472371941,7.334291800396223e-08,4.548154943589839,7.312789094227494e-07,4.548154943589839
174,0.511178682256633,0.5865279563975664,7.175926938284715e-08,4.5474295405232965,7.335282248138344e-07,4.5474295405232965
175,0.5139568272688974,0.5863255647626917,7.098080134708104e-08,4.547066033935306,7.346579884622688e-07,4.547066033935306
176,0.5167349722811616,0.5861229873469819,7.021108873037099e-08,4.546702024073864,7.357910669929951e-07,4.546702024073864
177,0.519513117293426,0.5859202120007972,6.945004361754568e-08,4.546337469622105,7.369275978498415e-07,4.546337469622105
178,0.5222912623056902,0.585717256316143,6.869754942975677e-08,4.545972419816163,7.380674392657621e-07,4.545972419816163
179,0.5250694073179546,0.5855141127747682,6.795351631545695e-08,4.545606846211254,7.392106890151308e-07,4.545606846211254
180,0.5278475523302188,0.5853107790201856,6.721784793252106e-08,4.545240743599432,7.403573742225372e-07,4.545240743599432
181,0.5306256973424832,0.5851072700663962,6.649043547720763e-08,4.54487414960899,7.415073878232732e-07,4.54487414960899
182,0.5334038423547475,0.584903576895267,6.577119192133545e-08,4.5445070372665874,7.426608238522978e-07,4.5445070372665874
183,0.5389601323792761,0.5844956547479953,6.43568257088769e-08,4.543771286351257,7.449779152884018e-07,4.543771286351257
184,0.5417382773915405,0.5842914289199375,6.366151631616635e-08,4.543402651600445,7.461415791071138e-07,4.543402651600445
185,0.5445164224038047,0.5840870356157462,6.297399291566271e-08,4.5430335374107065,7.473085850424065e-07,4.5430335374107065
186,0.5472945674160691,0.5838824643984571,6.229417988889614e-08,4.5426638956919625,7.484790936054562e-07,4.5426638956919625
187,0.5500727124283333,0.5836777216075159,6.162197836348154e-08,4.542293759823562,7.496530111184322e-07,4.542293759823562
188,0.5528508574405977,0.5834728167704911,6.095729855950182e-08,4.541923136455488,7.508303262758617e-07,4.541923136455488
189,0.555629002452862,0.5637879922357742,1.348651980139728e-07,4.371708853406323,1.530460539916782e-06,4.371708853406323
190,0.5584071474651263,0.5635976664438425,1.3386534706433737e-07,4.37072506883983,1.5368321635082068e-06,4.37072506883983
191,0.5611852924773906,0.5634069329123198,1.3285242211336337e-07,4.369774928912671,1.5430130741408051e-06,4.369774928912671
192,0.5639634374896549,0.5661202424688823,1.5952754451463775e-07,4.32874010744376,1.8325573900881288e-06,4.32874010744376
193,0.5667415825019192,0.5655959877770862,1.558387565225851e-07,4.331137812692215,1.8143050098199048e-06,4.331137812692215
194,0.5695197275141836,0.5661982082106984,1.580379521430668e-07,4.325666895601324,1.8563878071172957e-06,4.325666895601324
195,0.5722978725264478,0.5656229344861438,1.541565201127183e-07,4.328372627036311,1.8355269703946842e-06,4.328372627036311
196,0.5750760175387122,0.5679323060734325,1.6752349664123773e-07,4.308413605729133,1.9957774610075686e-06,4.308413605729133
197,0.5778541625509764,0.5816213759034063,5.529970609720112e-08,4.538565508698715,7.615810223455847e-07,4.538565508698715
198,0.5806323075632408,0.5814102366520865,5.470766670242218e-08,4.538182330524858,7.628177457486276e-07,4.538182330524858
199,0.5834104525755051,0.5812082531395352,5.411817709853284e-08,4.537814096647756,7.640080272474398e-07,4.537814096647756
200,0.5861885975877694,0.5810014690347102,5.3537266447711834e-08,4.53743767445439,7.652267595047213e-07,4.53743767445439
201,0.5889667426000337,0.5807945348916653,5.29628269513068e-08,4.537060765434417,7.664490224536495e-07,4.537060765434417
202,0.591744887612298,0.5805874757112021,5.239476523146655e-08,4.536683445639346,7.676745818832924e-07,4.536683445639346
203,0.5945230326245623,0.5803802702422668,5.183302737428341e-08,4.536305638759897,7.689036933555213e-07,4.536305638759897
204,0.5973011776368267,0.5801729213254638,5.1277538529002194e-08,4.535927354008982,7.701363376679335e-07,4.535927354008982
205,0.6000793226490909,0.5799654407796975,5.072821916712118e-08,4.53554862388983,7.713724207190441e-07,4.53554862388983
206,0.6028574676613553,0.5797578229685267,5.0185003096917735e-08,4.535169430188619,7.726120115837402e-07,4.535169430188619
207,0.6056356126736195,0.5795500744873355,4.964781679385588e-08,4.534789788186828,7.738550710199561e-07,4.534789788186828
208,0.6084137576858839,0.5793421959741183,4.911659293242485e-08,4.53440969101967,7.751016316038213e-07,4.53440969101967
209,0.6111919026981482,0.5791341884504672,4.859126283036197e-08,4.534029140833241,7.76351696822764e-07,4.534029140833241
210,0.6139700477104125,0.5789260543668867,4.807175629707793e-08,4.533648149907744,7.776052373353846e-07,4.533648149907744
211,0.6167481927226768,0.5787177930274541,4.7558010401372225e-08,4.533266702577956,7.788623142416583e-07,4.533266702577956
212,0.6195263377349411,0.5785094093684124,4.704995648853439e-08,4.532884811349395,7.801228972026871e-07,4.532884811349395
213,0.6223044827472054,0.5783009109296846,4.6547525171072774e-08,4.532502495990049,7.813869320111983e-07,4.532502495990049
214,0.6250826277594698,0.5780922914075647,4.6050657458521036e-08,4.532119733549616,7.826545039218022e-07,4.532119733549616
215,0.6334170627962626,0.5774657320297278,4.459279147840279e-08,4.530968826318865,7.864783424542478e-07,4.530968826318865
216,0.636195207808527,0.5772566550596943,4.411753915906238e-08,4.5305843309522595,7.877599856059804e-07,4.5305843309522595
217,0.6389733528207913,0.5770474702857997,4.364753610369988e-08,4.530199410008747,7.890451472057073e-07,4.530199410008747
218,0.6417514978330556,0.576838175917227,4.318272433082569e-08,4.529814055167526,7.903338651734094e-07,4.529814055167526
219,0.6445296428453199,0.5766287786662827,4.272304066220398e-08,4.529428286284016,7.916260841187195e-07,4.529428286284016
220,0.6473077878575842,0.5764192792930547,4.226842726700382e-08,4.529042101261717,7.929218212673137e-07,4.529042101261717
221,0.6500859328698485,0.576209680197264,4.181882626189415e-08,4.528655501527837,7.942210821887874e-07,4.528655501527837
222,0.6528640778821129,0.5759999764196228,4.1374184232467136e-08,4.52826846963143,7.955239354577504e-07,4.52826846963143
223,0.6556422228943771,0.5757901840968838,4.093443642504131e-08,4.52788104781231,7.968302503650418e-07,4.52788104781231
224,0.6584203679066415,0.5755802871310203,4.049953665829927e-08,4.527493188992552,7.981401947811184e-07,4.527493188992552
225,0.6639766579311701,0.5751602309888179,3.96440359092076e-08,4.52671629333094,8.007705680844011e-07,4.52671629333094
226,0.6667548029434344,0.5749500593122524,3.922333488949095e-08,4.526327216198972,8.020911530489213e-07,4.526327216198972
227,0.6695329479556987,0.5551676308996614,9.264160935520877e-08,4.346821333762068,1.7011818385390637e-06,4.346821333762068
228,0.672311092967963,0.5554387346061873,9.582045515089985e-08,4.337414292862233,1.7697046113437364e-06,4.337414292862233
229,0.6750892379802274,0.5743190521360774,3.798876144986195e-08,4.525157643533136,8.06074032460998e-07,4.525157643533136
230,0.6778673829924916,0.5607270999698717,1.1620171340550191e-07,4.29287696582794,2.13309416440097e-06,4.29287696582794
231,0.680645528004756,0.573897978705963,3.7188138229592025e-08,4.5243759782898305,8.087469885885916e-07,4.5243759782898305
232,0.6834236730170202,0.5736873155358639,3.67944078412783e-08,4.523984532701766,8.100889032999723e-07,4.523984532701766
233,0.6862018180292846,0.5734765887182721,3.640498909855989e-08,4.523592733191509,8.114342703368884e-07,4.523592733191509
234,0.6889799630415488,0.5732657818979371,3.6019842134210104e-08,4.523200530272865,8.127832681680239e-07,4.523200530272865
235,0.6917581080538132,0.5730549075263344,3.5638913337784055e-08,4.522807954613356,8.14135802764781e-07,4.522807954613356
236,0.6945362530660775,0.5728439625793946,3.5262156704912695e-08,4.522414997189272,8.154919149788906e-07,4.522414997189272
237,0.6973143980783418,0.5726329541930624,3.488952125119359e-08,4.522021681047106,8.168515361581556e-07,4.522021681047106
238,0.7000925430906061,0.5724218641533534,3.452096606726595e-08,4.521627973829691,8.182147875952004e-07,4.521627973829691
239,0.7028706881028705,0.572210698800233,3.415644202830789e-08,4.521233894105623,8.19581615984026e-07,4.521233894105623
240,0.7056488331151347,0.5719994690303193,3.3795901555955784e-08,4.520839454941764,8.209519860597716e-07,4.520839454941764
241,0.7084269781273991,0.5717881573708615,3.343930021009521e-08,4.520444654309917,8.223259156319875e-07,4.520444654309917
242,0.7112051231396633,0.5715767607900065,3.30865945077254e-08,4.520049487063547,8.237034321006888e-07,4.520049487063547
243,0.7139832681519276,0.5713652758145414,3.273774161821745e-08,4.519653947163972,8.250845668804079e-07,4.519653947163972
244,0.716761413164192,0.5711537145507573,3.2392692253077555e-08,4.519258072040955,8.264692006569109e-07,4.519258072040955
245,0.7195395581764562,0.57094206840108,3.2051410092534424e-08,4.518861821385332,8.278574828973107e-07,4.518861821385332
246,0.7223177031887206,0.5707303514756452,3.1713845424043476e-08,4.518465242410455,8.292492600636761e-07,4.518465242410455
247,0.7250958482009848,0.5705185500118157,3.1379963678188965e-08,4.518068289323815,8.306447016877375e-07,4.518068289323815
248,0.7278739932132492,0.5703066819652298,3.1049716681796856e-08,4.517671006416758,8.320436631754106e-07,4.517671006416758
249,0.7306521382255134,0.570094731222002,3.072306992446745e-08,4.517273352951426,8.334462975046512e-07,4.517273352951426
250,0.7334302832377778,0.5698827190066159,3.039997544167938e-08,4.5168753790755245,8.348524387694661e-07,4.5168753790755245
251,0.7362084282500421,0.5696706338108143,3.008039698797048e-08,4.5164770615221785,8.362621792178864e-07,4.5164770615221785
252,0.7389865732623064,0.5694584912396504,2.976429056316739e-08,4.516078431614022,8.376754183264424e-07,4.516078431614022
253,0.7417647182745707,0.5692462696577916,2.945162709558765e-08,4.515679422606358,8.390924010180937e-07,4.515679422606358
254,0.744542863286835,0.5690339861700769,2.914236038355123e-08,4.515280087005362,8.405129527540697e-07,4.515280087005362
255,0.7473210082990993,0.5688216523613197,2.8836448523245506e-08,4.5148804524440775,8.419369858406555e-07,4.5148804524440775
256,0.7500991533113637,0.5686092479421586,2.853386281599998e-08,4.5144804572848525,8.433647282993694e-07,4.5144804572848525
257,0.7528772983236279,0.5683967946012821,2.8234557353743645e-08,4.514080163401543,8.447959708793974e-07,4.514080163401543
258,0.7584335883481566,0.5679717171960041,2.764565070587224e-08,4.513278611355626,8.476692377342471e-07,4.513278611355626
259,0.7612117333604209,0.5677590911144932,2.7355979904140905e-08,4.5128773351943545,8.491113460822932e-07,4.5128773351943545
260,0.7639898783726852,0.5675464209599038,2.7069443315420655e-08,4.512475775710028,8.505569394717349e-07,4.512475775710028
261,0.7667680233849495,0.5673336984487691,2.6786011823150823e-08,4.5120738896659915,8.520061815162753e-07,4.5120738896659915
262,0.7695461683972138,0.567120931086024,2.650564716353516e-08,4.511671704727497,8.534589834867961e-07,4.511671704727497
263,0.7723243134094782,0.5669081104240997,2.622831865871044e-08,4.51126919448455,8.549154499718475e-07,4.51126919448455
264,0.7778806034340068,0.5664823503698455,2.5682622799989582e-08,4.510463294711639,8.578390693365468e-07,4.510463294711639
265,0.780658748446271,0.5662694116221388,2.541418988001428e-08,4.510059899516624,8.593062617269585e-07,4.510059899516624
266,0.7834368934585354,0.5660564356936363,2.5148655993389578e-08,4.509656213405117,8.607770345752894e-07,4.509656213405117
267,0.7862150384707997,0.5658434185370297,2.4885990390733078e-08,4.509252224732164,8.622514397408247e-07,4.509252224732164
268,0.788993183483064,0.5656303696871504,2.4626159996730565e-08,4.508847943223779,8.637294515440038e-07,4.508847943223779
269,0.7917713284953283,0.5654172917551334,2.436913016360082e-08,4.508443395072111,8.652109849655536e-07,4.508443395072111
270,0.7945494735075926,0.5652041754577538,2.4114875941493616e-08,4.508038529860205,8.666962327803666e-07,4.508038529860205
271,0.7973276185198569,0.5649910370473721,2.3863359326778388e-08,4.507633407618664,8.681849865156374e-07,4.507633407618664
272,0.8001057635321213,0.5647778722150784,2.361455253278002e-08,4.507228007223442,8.696773326727074e-07,4.507228007223442
273,0.8028839085443855,0.5645646813314104,2.336842611823141e-08,4.506822323711115,8.711732988213067e-07,4.506822323711115
274,0.8056620535566499,0.5643514656357671,2.3124950428337763e-08,4.506416356742527,8.726728958790952e-07,4.506416356742527
275,0.8084401985689141,0.5641382313890303,2.2884092378354177e-08,4.5060101391015115,8.741760143681475e-07,4.5060101391015115
276,0.8112183435811785,0.5639249716371814,2.264582752606396e-08,4.505603631200211,8.756828082353904e-07,4.505603631200211
277,0.8139964885934428,0.5637117032018579,2.241012233160198e-08,4.505196875895863,8.77193129314796e-07,4.505196875895863
278,0.8167746336057071,0.5634984168522932,2.2176950924742157e-08,4.504789851958673,8.787070658273913e-07,4.504789851958673
279,0.8195527786179714,0.5632851176061039,2.1946283650055718e-08,4.5043825744297115,8.802245718736651e-07,4.5043825744297115
280,0.8223309236302357,0.5630718022272647,2.1718094740164686e-08,4.503975026153929,8.817457201911303e-07,4.503975026153929
281,0.8251090686425,0.5628584805015955,2.1492354972616456e-08,4.503567224157541,8.832704570880213e-07,4.503567224157541
282,0.8278872136547644,0.5626451476151244,2.126903736546076e-08,4.503159168278331,8.84798793165903e-07,4.503159168278331
283,0.8306653586670286,0.5624318113218703,2.1048113945490684e-08,4.50275087043157,8.863306934160714e-07,4.50275087043157
284,0.833443503679293,0.562218466350929,2.082956046610826e-08,4.502342310376724,8.8786624262416e-07,4.502342310376724
285,0.8362216486915572,0.562005132287684,2.0613344864994888e-08,4.5019335451447615,8.894052371427175e-07,4.5019335451447615
286,0.8389997937038216,0.5617917847438211,2.039944907909226e-08,4.501524500878476,8.909479623773802e-07,4.501524500878476
287,0.8417779387160859,0.5615784358679567,2.01878438619532e-08,4.501115213414699,8.924942941455202e-07,4.501115213414699
288,0.8445560837283502,0.5613650972220362,1.997850112477366e-08,4.500705711373069,8.940441343504019e-07,4.500705711373069
289,0.8473342287406145,0.5611517626814467,1.977139865636877e-08,4.500295968430058,8.955975907243883e-07,4.500295968430058
290,0.8501123737528788,0.5609384290028288,1.9566512634207587e-08,4.499885976372653,8.971547035730534e-07,4.499885976372653
291,0.8528905187651431,0.5607251136100888,1.936381353538937e-08,4.499475787860362,8.987152841404419e-07,4.499475787860362
292,0.8556686637774075,0.560511797899166,1.9163282697984207e-08,4.499065348329601,9.002795475750195e-07,4.499065348329601
293,0.8584468087896717,0.5602984971422876,1.8964892658999342e-08,4.498654695378944,9.01847360424898e-07,4.498654695378944
294,0.8612249538019361,0.5600852030574466,1.876862093355877e-08,4.498243818806833,9.034187709320269e-07,4.498243818806833
295,0.8640030988142003,0.559871926810682,1.8574442110599124e-08,4.4978327417330375,9.049937001680651e-07,4.4978327417330375
296,0.8667812438264647,0.5596586622527756,1.838233557618134e-08,4.4974214395202665,9.065722505922237e-07,4.4974214395202665
297,0.869559388838729,0.5594454018230339,1.8192278950691312e-08,4.497009908774236,9.081544456519212e-07,4.497009908774236
298,0.8723375338509933,0.5592321688516111,1.8004246012750598e-08,4.496598190185395,9.097401375708316e-07,4.496598190185395
299,0.8751156788632576,0.5590189412578479,1.7818218751381352e-08,4.496186238797097,9.113295087090042e-07,4.496186238797097
300,0.877893823875522,0.5588057410748595,1.7634171520326085e-08,4.495774095237992,9.129224114939091e-07,4.495774095237992
301,0.8806719688877862,0.5585925621355462,1.7452083557558967e-08,4.495361749912836,9.145188923271879e-07,4.495361749912836
302,0.8834501139000506,0.5583794168070908,1.727193249050394e-08,4.494949213703593,9.161189180231116e-07,4.494949213703593
303,0.8862282589123148,0.5581662997512672,1.709369838400688e-08,4.494536472751977,9.17722550987845e-07,4.494536472751977
304,0.8890064039245792,0.557953216389882,1.6917358778990893e-08,4.494123544594467,9.193297322641358e-07,4.494123544594467
305,0.8917845489368434,0.5577401666256679,1.6742893563760684e-08,4.493710422815421,9.209404957467789e-07,4.493710422815421
306,0.8945626939491078,0.5575271487790566,1.6570282669447192e-08,4.493297102867547,9.225548678199245e-07,4.493297102867547
307,0.8973408389613721,0.5573141714556402,1.639950403928575e-08,4.49288360656358,9.241727728214762e-07,4.49288360656358
308,0.9001189839736364,0.5571012257980411,1.623053931749079e-08,4.4924699147362395,9.257942945236931e-07,4.4924699147362395
309,0.9028971289859007,0.5568883311153401,1.6063366358048967e-08,4.4920560559666765,9.27419329171889e-07,4.4920560559666765
310,0.905675273998165,0.5566754756257654,1.58979667166803e-08,4.49164201764419,9.290479356045587e-07,4.49164201764419
311,0.9084534190104293,0.556462660216141,1.573432145782334e-08,4.49122779520983,9.306801403725188e-07,4.49122779520983
312,0.9112315640226937,0.5562498884302283,1.5572411236712454e-08,4.490813391724136,9.3231594013524e-07,4.490813391724136
313,0.9140097090349579,0.556037173499603,1.5412214271512128e-08,4.49039884396618,9.339551991156748e-07,4.49039884396618
314,0.9167878540472223,0.5558244960089723,1.5253716076574926e-08,4.489984099587429,9.355981317754867e-07,4.489984099587429
315,0.9195659990594865,0.5556118753131262,1.509689473967259e-08,4.4895692026705705,9.372445732237802e-07,4.4895692026705705
316,0.9223441440717509,0.5553993039608609,1.4941733038358856e-08,4.489154140645186,9.388945816823169e-07,4.489154140645186
317,0.9251222890840152,0.5551867874699312,1.4788212911003505e-08,4.488738914049919,9.405481633431342e-07,4.488738914049919
318,0.9279004340962795,0.5549743263676122,1.4636315929644983e-08,4.488323531077118,9.422052945198954e-07,4.488323531077118
319,0.9306785791085438,0.5547619298356572,1.4486022560264729e-08,4.487908017719349,9.438658804495523e-07,4.487908017719349
320,0.9334567241208082,0.5545495769532165,1.4337320693033016e-08,4.487492302919664,9.455302117856912e-07,4.487492302919664
321,0.9362348691330724,0.5543372940686687,1.4190186685740647e-08,4.487076473461292,9.471979521793289e-07,4.487076473461292
322,0.9390130141453368,0.5541250667977093,1.4044608047990753e-08,4.486660467875829,9.488693545381429e-07,4.486660467875829
323,0.941791159157601,0.5539129134128813,1.3900562802773877e-08,4.486244357488385,9.505441427201649e-07,4.486244357488385
324,0.9445693041698654,0.5537008132372914,1.3758040592041941e-08,4.485828055115006,9.522226735008133e-07,4.485828055115006
325,0.9473474491821297,0.5534888056508577,1.3617018455062533e-08,4.485411652280162,9.539045888476653e-07,4.485411652280162
326,0.950125594194394,0.5532768803546882,1.3477483554433523e-08,4.484995101047998,9.555900885774192e-07,4.484995101047998
327,0.9529037392066583,0.5530650369381545,1.3339418812782133e-08,4.484578415994773,9.572791231375276e-07,4.484578415994773
328,0.9556818842189226,0.5528532733708315,1.3202809262045625e-08,4.484161583752886,9.589717544621129e-07,4.484161583752886
329,0.9584600292311869,0.5526416066502795,1.306763647221422e-08,4.483744644293994,9.606678291992188e-07,4.483744644293994
330,0.9612381742434513,0.5524300150033086,1.2933888933072662e-08,4.483327538372175,9.62367595229597e-07,4.483327538372175
331,0.9640163192557155,0.5522185294018555,1.280154584051111e-08,4.482910347205055,9.640707315436942e-07,4.482910347205055
332,0.9667944642679799,0.5520071264174997,1.267059620674437e-08,4.482493008293795,9.657774999181244e-07,4.482493008293795
333,0.9695726092802441,0.5517958170923659,1.2541022958053807e-08,4.482075552811385,9.67487781816318e-07,4.482075552811385
334,0.9723507542925085,0.5515846137033844,1.2412809832496056e-08,4.481658003115332,9.692014937870766e-07,4.481658003115332
335,0.9751288993047728,0.5513734909904213,1.2285946062319163e-08,4.481240298865682,9.709188903392575e-07,4.481240298865682
336,0.9779070443170371,0.5511624777142752,1.216041292636789e-08,4.480822505786374,9.72639710605005e-07,4.480822505786374
337,0.9806851893293014,0.5509520644880982,1.2036200299114563e-08,4.480404540059258,9.74364218722106e-07,4.480404540059258
338,0.9834633343415657,0.5507407395918958,1.1913287079247719e-08,4.4799865643820524,9.760920182087071e-07,4.4799865643820524
339,0.98624147935383,0.5505306449857603,1.1791668127741805e-08,4.479568362462758,9.778236334378759e-07,4.479568362462758
340,0.9890196243660944,0.5503193961939976,1.1671320438291966e-08,4.479150164355873,9.795585402353162e-07,4.479150164355873
341,0.9917977693783586,0.5501088874465468,1.1552235611352503e-08,4.478731819476726,9.812970390794023e-07,4.478731819476726
342,0.994575914390623,0.5498984972312851,1.143439667386318e-08,4.478313406274348,9.830389231962732e-07,4.478313406274348
343,0.9973540594028872,0.5496881996472074,1.1317794555383737e-08,4.477894852467211,9.847844997127357e-07,4.477894852467211
344,1.0001322044151515,0.5494781399886216,1.1202408007558145e-08,4.477476290675557,9.865332093193772e-07,4.477476290675557
345,1.0029103494274159,0.5492679583262883,1.1088237569652713e-08,4.477057497263156,9.882860370574307e-07,4.477057497263156
346,1.0056884944396802,0.5490580228000534,1.0975253158428713e-08,4.476638758323807,9.90041754529244e-07,4.476638758323807
347,1.0084666394519446,0.5488433085341529,1.08639885522699e-08,4.476210497712326,9.918406657618756e-07,4.476210497712326
348,1.0112447844642087,0.5486384544526902,1.0752824943678825e-08,4.4758008717859825,9.93564312739504e-07,4.4758008717859825
349,1.014022929476473,0.5484288476549339,1.0643351020187137e-08,4.475381810492945,9.953308095749421e-07,4.475381810492945
350,1.0168010744887375,0.5482193548455705,1.0535021282941618e-08,4.474962659799583,9.971008399706916e-07,4.474962659799583
351,1.0195792195010018,0.5480099845467636,1.042782265148771e-08,4.474543434957865,9.988743470516742e-07,4.474543434957865
352,1.022357364513266,0.547800726303901,1.0321744363417879e-08,4.474124111538395,1.000651441524294e-06,4.474124111538395
353,1.0251355095255303,0.5475916031158587,1.0216771199076833e-08,4.473704749791977,1.0024318766082774e-06,4.473704749791977
354,1.0279136545377947,0.5473825980631507,1.0112894312412575e-08,4.473285294571065,1.004215892124306e-06,4.473285294571065
355,1.030691799550059,0.5471737146127472,1.0010100917932453e-08,4.4728657661395985,1.0060034103220738e-06,4.4728657661395985
356,1.0334699445623232,0.546964963240584,9.908378750651156e-09,4.472446177856783,1.007794381418638e-06,4.472446177856783
357,1.0362480895745876,0.546756323540017,9.807718641555912e-09,4.472026486139471,1.0095889986070058e-06,4.472026486139471
358,1.039026234586852,0.5465478423647558,9.708103180911439e-09,4.471606809462628,1.0113867642917919e-06,4.471606809462628
359,1.0418043795991163,0.5463394616065309,9.60952922970418e-09,4.471186991110111,1.0131883537950252e-06,4.471186991110111
360,1.0445825246113805,0.5461312159276042,9.511980939294025e-09,4.4707671245249205,1.0149933760681524e-06,4.4707671245249205
361,1.0473606696236448,0.5459231169060861,9.415445980525558e-09,4.470347238286171,1.016801715547729e-06,4.470347238286171
362,1.0501388146359092,0.5457151491094229,9.31991589917898e-09,4.469927285476099,1.0186135796497404e-06,4.469927285476099
363,1.0529169596481736,0.5455073673920152,9.225379166491147e-09,4.469507281500012,1.020428901030412e-06,4.469507281500012
364,1.0556951046604377,0.5452996837953299,9.131826461849472e-09,4.469087203178296,1.0222478007710608e-06,4.469087203178296
365,1.058473249672702,0.5450920877953959,9.03924141087681e-09,4.468667175774633,1.0240697550085734e-06,4.468667175774633
366,1.0612513946849664,0.5448846743654026,8.947624873888495e-09,4.468246959222545,1.025895775380152e-06,4.468246959222545
367,1.0640295396972308,0.5446774148934782,8.856957123898408e-09,4.467826755806575,1.0277250121425067e-06,4.467826755806575
368,1.066807684709495,0.5444702555435263,8.767231331634508e-09,4.467406497357799,1.029557771528022e-06,4.467406497357799
369,1.0695858297217593,0.54426327135436,8.678436217632644e-09,4.466986209408853,1.031393938183057e-06,4.466986209408853
370,1.0723639747340237,0.5440564129722439,8.590562816681068e-09,4.466565873520042,1.0332336065684345e-06,4.466565873520042
371,1.0751421197462878,0.543849755464286,8.503600640613565e-09,4.466145503062308,1.0350767130450672e-06,4.466145503062308
372,1.0779202647585522,0.5436431507302328,8.417539752550507e-09,4.465725109212119,1.0369232425256623e-06,4.465725109212119
373,1.0806984097708165,0.5434364030189542,8.332369137008057e-09,4.4653047320372075,1.0387730634477125e-06,4.4653047320372075
374,1.083476554783081,0.5432304042681154,8.248086293571773e-09,4.46488418273149,1.0406268394787645e-06,4.46488418273149
375,1.086254699795345,0.5430238306521161,8.164670707516474e-09,4.464463761972664,1.042483513707869e-06,4.464463761972664
376,1.0890328448076094,0.5428177521274742,8.082121490993432e-09,4.464043241598787,1.0443438887716507e-06,4.464043241598787
377,1.0918109898198738,0.5426124129076534,8.00043013467259e-09,4.4636225969377765,1.0462080368105902e-06,4.4636225969377765
378,1.0945891348321382,0.5424068829360886,7.919581972580536e-09,4.463201991194331,1.048075421441695e-06,4.463201991194331
379,1.0973672798444023,0.5422010776486872,7.839568980646182e-09,4.462781406448906,1.0499461419212094e-06,4.462781406448906
380,1.1001454248566667,0.5419958339299931,7.760384741888372e-09,4.46236075686764,1.0518204289721114e-06,4.46236075686764
381,1.102923569868931,0.5417894684025556,7.68201556371816e-09,4.4619402187430435,1.0536978208581525e-06,4.4619402187430435
382,1.1057017148811954,0.5415842411326934,7.604459623595867e-09,4.461519550636461,1.0555789739882964e-06,4.461519550636461
383,1.1084798598934595,0.5413791762294528,7.527703209323804e-09,4.4610989120618685,1.0574633716841248e-06,4.4610989120618685
384,1.111258004905724,0.5411742250465867,7.45174328019324e-09,4.460678167994376,1.0593516233294648e-06,4.460678167994376
385,1.1140361499179883,0.5409694594632711,7.3765637915282755e-09,4.460257510811713,1.061242875470457e-06,4.460257510811713
386,1.1168142949302526,0.5407648154004445,7.302163011488016e-09,4.459836775612542,1.0631378725213771e-06,4.459836775612542
387,1.1195924399425168,0.5405603289869051,7.2285292898879216e-09,4.459416050188625,1.0650362276188247e-06,4.459416050188625
388,1.1223705849547811,0.5403559922648755,7.155655339965022e-09,4.458995313997424,1.066938039277263e-06,4.458995313997424
389,1.1251487299670455,0.5401518082206516,7.083532725577836e-09,4.458574578334216,1.068843263006535e-06,4.458574578334216
390,1.1279268749793099,0.5399477755776687,7.012153527885733e-09,4.458153843514453,1.0707519040488052e-06,4.458153843514453
391,1.130705019991574,0.5397438988291733,6.941510355889519e-09,4.457733097580674,1.0726640211575928e-06,4.457733097580674
392,1.1334831650038384,0.5395401736855484,6.8715950421878956e-09,4.457312352065514,1.0745795701267945e-06,4.457312352065514
393,1.1362613100161028,0.5393365975900222,6.802400433612321e-09,4.456891593000069,1.07649862002591e-06,4.456891593000069
394,1.1390394550283671,0.5391331808849431,6.733918029129564e-09,4.456470845629584,1.0784210626259373e-06,4.456470845629584
395,1.1418176000406313,0.538929905570037,6.666141919257245e-09,4.456050065968089,1.0803471046328302e-06,4.456050065968089
396,1.1445957450528956,0.538726828123512,6.599060079016595e-09,4.455629383036222,1.0822761622536973e-06,4.455629383036222
397,1.14737389006516,0.5385238832442797,6.5326704273355445e-09,4.455208650169718,1.0842089125808883e-06,4.455208650169718
398,1.1501520350774244,0.5383210861416649,6.466964430911428e-09,4.454787902618564,1.0861452012808715e-06,4.454787902618564
399,1.1529301800896885,0.5381184775907384,6.401931934966286e-09,4.454367226158532,1.0880846393307391e-06,4.454367226158532
400,1.1557083251019529,0.5379159824341364,6.337572284884769e-09,4.453946433892751,1.0900280926443053e-06,4.453946433892751
401,1.1584864701142172,0.5377136972712946,6.273869105252731e-09,4.453525799507137,1.0919743090739072e-06,4.453525799507137
402,1.1612646151264816,0.537511561117864,6.210821771645548e-09,4.453105138242467,1.0939241436473018e-06,4.453105138242467
403,1.1640427601387457,0.537309575958833,6.14842291003791e-09,4.452684464378101,1.0958775375819096e-06,4.452684464378101
404,1.1668209051510101,0.537107752785448,6.086664988938186e-09,4.45226379968475,1.097834396218013e-06,4.45226379968475
405,1.1695990501632745,0.5369060951642898,6.025540792389693e-09,4.451843159436999,1.0997946550964553e-06,4.451843159436999
406,1.1723771951755388,0.5367046018590708,5.965044067392759e-09,4.451422531727853,1.101758375258722e-06,4.451422531727853
407,1.175155340187803,0.536503272983445,5.905167876161103e-09,4.451001927940849,1.1037255098547543e-06,4.451001927940849
408,1.1779334852000674,0.5363021356844404,5.845906282404721e-09,4.450581329411232,1.1056961460548173e-06,4.450581329411232
409,1.1807116302123317,0.5361011384988205,5.787249633673544e-09,4.450160841596639,1.107669813483859e-06,4.450160841596639
410,1.183489775224596,0.5359003150127891,5.729196077259445e-09,4.4497403188153255,1.1096471822522695e-06,4.4497403188153255
411,1.1862679202368602,0.5356996594841464,5.671737434834615e-09,4.449319821820372,1.111627979689547e-06,4.449319821820372
412,1.1890460652491246,0.5354991643680683,5.614868181405711e-09,4.448899327719025,1.1136123192640438e-06,4.448899327719025
413,1.191824210261389,0.5352988480831917,5.55858059759708e-09,4.448478887873919,1.1155999655507278e-06,4.448478887873919
414,1.1946023552736533,0.5350986886212254,5.502870432592512e-09,4.448058441401341,1.1175912106501228e-06,4.448058441401341
415,1.1973805002859175,0.5348987112503657,5.447729494593526e-09,4.447638060842053,1.1195857186015705e-06,4.447638060842053
416,1.2001586452981818,0.5346989013621374,5.393153253909502e-09,4.447217698423434,1.1215837202597882e-06,4.447217698423434
417,1.2029367903104462,0.5344992613427906,5.339135452698109e-09,4.446797366450786,1.1235851635781696e-06,4.446797366450786
418,1.2057149353227106,0.534299781392918,5.285671190653801e-09,4.446377032473237,1.1255902081834471e-06,4.446377032473237
419,1.2084930803349747,0.5341004846450002,5.232752802164762e-09,4.445956762356593,1.1275985471411453e-06,4.445956762356593
420,1.211271225347239,0.533901358259232,5.180375432463581e-09,4.445536526887943,1.1296103251165653e-06,4.445536526887943
421,1.2140493703595034,0.5337024079122373,5.128533399160524e-09,4.445116327381807,1.1316255407391968e-06,4.445116327381807
422,1.2168275153717678,0.5335036275923868,5.077221312823061e-09,4.444696156959099,1.133644232974712e-06,4.444696156959099
423,1.219605660384032,0.533305021716593,5.026433465083003e-09,4.444276022227958,1.1356663759052725e-06,4.444276022227958
424,1.2223838053962963,0.5331065899347678,4.97616441369526e-09,4.443855922381712,1.1376919789209097e-06,4.443855922381712
425,1.2251619504085607,0.5329083340377578,4.926408363329686e-09,4.443435872031318,1.1397209780510803e-06,4.443435872031318
426,1.227940095420825,0.5327102587450282,4.877160185957718e-09,4.443015863117746,1.1417534163717338e-06,4.443015863117746
427,1.2307182404330892,0.5325123491814957,4.8284150404966066e-09,4.44259587889612,1.143789381462385e-06,4.44259587889612
428,1.2334963854453536,0.5323146199711197,4.780166967998267e-09,4.442175946720869,1.1458287464830438e-06,4.442175946720869
429,1.236274530457618,0.5321170637384967,4.7324114998803254e-09,4.441756039462803,1.1478716477349491e-06,4.441756039462803
430,1.2390526754698823,0.5319196834989773,4.685143061115294e-09,4.441336174472753,1.149918007346909e-06,4.441336174472753
431,1.2418308204821464,0.5317224906580387,4.638356034896263e-09,4.440916373453166,1.1519677250018885e-06,4.440916373453166
432,1.2446089654944108,0.5315254720147884,4.592045991810306e-09,4.440496613947766,1.1540209158673448e-06,4.440496613947766
433,1.2473871105066752,0.5313286257131915,4.546208169425709e-09,4.4400768880018004,1.1560776241684954e-06,4.4400768880018004
434,1.2501652555189395,0.5311319586737576,4.500837420421182e-09,4.4396572050858705,1.158137809006323e-06,4.4396572050858705
435,1.2529434005312037,0.5309354671562239,4.455928972397395e-09,4.439237561915998,1.1602014923565524e-06,4.439237561915998
436,1.255721545543468,0.5307391594042182,4.411477641807462e-09,4.438817974123811,1.162268602876326e-06,4.438817974123811
437,1.2584996905557324,0.5305430311067111,4.367478842679097e-09,4.43839843517242,1.1643391781146258e-06,4.43839843517242
438,1.2612778355679968,0.5303470851375406,4.32392774416379e-09,4.437978950675141,1.1664131957577797e-06,4.437978950675141
439,1.264055980580261,0.5301513232693059,4.280819747572104e-09,4.43755951863807,1.1684906704962533e-06,4.43755951863807
440,1.2668341255925253,0.5299557318932508,4.238150588675203e-09,4.4371401250777485,1.170571678611965e-06,4.4371401250777485
441,1.2696122706047897,0.5297603215293682,4.195915652539007e-09,4.436720772221499,1.172656212963053e-06,4.436720772221499
442,1.272390415617054,0.529565091408784,4.154110221522153e-09,4.436301469393424,1.174744233625941e-06,4.436301469393424
443,1.2751685606293182,0.5293700425682212,4.112729821571035e-09,4.4358822175127575,1.1768357415291358e-06,4.4358822175127575
444,1.2779467056415825,0.5291751740255568,4.0717701294883125e-09,4.435463012877717,1.1789307604463142e-06,4.435463012877717
445,1.280724850653847,0.5289804882185211,4.03122671980705e-09,4.435043858339915,1.1810292815242543e-06,4.435043858339915
446,1.2835029956661113,0.5287859879031139,3.9910948554499825e-09,4.43462477324396,1.183131214112228e-06,4.43462477324396
447,1.2862811406783754,0.5285916609727562,3.951371193044198e-09,4.434205715600297,1.1852367729647024e-06,4.434205715600297
448,1.2890592856906398,0.5283975199151257,3.912050776031927e-09,4.433786718784176,1.1873457969384777e-06,4.433786718784176
449,1.2918374307029041,0.5282035672410692,3.873129336405961e-09,4.4333677872401,1.1894582685925385e-06,4.4333677872401
450,1.2946155757151685,0.5280097966766354,3.8346030165676345e-09,4.4329489083435485,1.191574256742642e-06,4.4329489083435485
451,1.2973937207274326,0.5278162045844408,3.7964678723812715e-09,4.432530075224197,1.1936938018898345e-06,4.432530075224197
452,1.300171865739697,0.5276227867305436,3.7587202183031694e-09,4.432111270284407,1.1958169984129113e-06,4.432111270284407
453,1.3029500107519614,0.5274295632804686,3.72135486894641e-09,4.431692550232742,1.1979435651762336e-06,4.431692550232742
454,1.3057281557642257,0.5272365231313267,3.684368565655258e-09,4.431273881470064,1.2000736768821323e-06,4.431273881470064
455,1.3085063007764899,0.5270436551746994,3.647757792226132e-09,4.430855244136685,1.2022074410511694e-06,4.430855244136685
456,1.3112844457887542,0.5268509769980553,3.6115179891653064e-09,4.430436671488149,1.204344693224853e-06,4.430436671488149
457,1.3140625908010186,0.5266584902448784,3.575645281441749e-09,4.430018165750723,1.2064854271127903e-06,4.430018165750723
458,1.316840735813283,0.5264661799179744,3.540136184085117e-09,4.429599711719404,1.2086297274509884e-06,4.429599711719404
459,1.3196188808255471,0.5262740484992738,3.504987160571607e-09,4.429181297787301,1.2107776576973178e-06,4.429181297787301
460,1.3223970258378115,0.5260821065546512,3.4701941425339555e-09,4.428762941709384,1.2129291320162693e-06,4.428762941709384
461,1.3251751708500759,0.5258903457176176,3.4357534719141363e-09,4.428344642819505,1.2150841609040537e-06,4.428344642819505
462,1.3279533158623402,0.5256987644352044,3.4016619383800445e-09,4.427926378400217,1.2172428658764683e-06,4.427926378400217
463,1.3307314608746044,0.5255073905966775,3.367915296729946e-09,4.4275081822423346,1.2194050782661885e-06,4.4275081822423346
464,1.3335096058868687,0.5253162309031425,3.3345095816450315e-09,4.427090076567522,1.221570689157479e-06,4.427090076567522
465,1.336287750899133,0.5251252597153916,3.301442784619728e-09,4.426671979743063,1.2237401247689152e-06,4.426671979743063
466,1.3390658959113975,0.52493448908147,3.2687104458263404e-09,4.426253944042438,1.2259131221825995e-06,4.426253944042438
467,1.3418440409236616,0.5247439212622117,3.236309265102488e-09,4.4258359610948546,1.228089729067033e-06,4.4258359610948546
468,1.344622185935926,0.5245535660715704,3.2042354607700945e-09,4.425418051350016,1.2302698444308401e-06,4.425418051350016
469,1.3474003309481903,0.5243634097197469,3.1724860815633403e-09,4.425000191263701,1.2324535967806678e-06,4.425000191263701
470,1.3501784759604547,0.52417345208439,3.1410577749729512e-09,4.424582381239732,1.2346409900255218e-06,4.424582381239732
471,1.3529566209727188,0.5239836988651156,3.1099472248492314e-09,4.424164621369548,1.236832027928692e-06,4.424164621369548
472,1.3557347659849832,0.5237941501111143,3.079150880337671e-09,4.423746927855687,1.2390266327876502e-06,4.423746927855687
473,1.3585129109972476,0.5236047896449907,3.048666416003357e-09,4.423329247251113,1.241225089566609e-06,4.423329247251113
474,1.361291056009512,0.5234156523049527,3.0184889886471038e-09,4.422911675418178,1.243426900906846e-06,4.422911675418178
475,1.364069201021776,0.5232267039148881,2.9886169656769137e-09,4.4224941218806535,1.2456325478834407e-06,4.4224941218806535
476,1.3668473460340405,0.5230379608498461,2.9590465431110365e-09,4.42207662572187,1.247841830429447e-06,4.42207662572187
477,1.3696254910463048,0.5228494191620491,2.9297746939828725e-09,4.421659182267542,1.2500547790464708e-06,4.421659182267542
478,1.3724036360585692,0.5226610705594685,2.90079873599606e-09,4.421241767472216,1.2522715271267667e-06,4.421241767472216
479,1.3751817810708333,0.5224737681193377,2.872118502762163e-09,4.4208241741552365,1.2544929842929802e-06,4.4208241741552365
480,1.3779599260830977,0.5222850071294518,2.843720176624905e-09,4.420407157607909,1.2567157338001825e-06,4.420407157607909
481,1.380738071095362,0.5220972705720892,2.8156124212158244e-09,4.419989911040417,1.2589434775805398e-06,4.419989911040417
482,1.3835162161076264,0.5219097444364164,2.787787785817341e-09,4.419572742746983,1.2611747802789437e-06,4.419572742746983
483,1.3862943611198906,0.5217224191888427,2.760243926052454e-09,4.41915561641822,1.2634098397963093e-06,4.41915561641822
