,Transformation parameter epsilon,RMS myeloma PLM,Parameter A,Parameter gamma,Inverse parameter A,Inverse parameter gamma
0,0.0,0.6294782582944095,1.5316391776294348e-07,4.431844984772758,1.5316391776294348e-07,4.431844984772758
1,0.00277814501226431,0.6294236959016898,1.5198362118178155e-07,4.430769910345504,1.5386599803411383e-07,4.430769910345504
2,0.00555629002452862,0.6293696258008253,1.5081335955812723e-07,4.42969478076968,1.5457133605352112e-07,4.42969478076968
3,0.00833443503679293,0.6293160488564123,1.496529723050471e-07,4.428619704161123,1.552798758037946e-07,4.428619704161123
4,0.01111258004905724,0.6292629622490298,1.485024310492729e-07,4.427544584192493,1.5599169558818825e-07,4.427544584192493
5,0.01389072506132155,0.6292103720919949,1.4736160414850752e-07,4.426469487259029,1.567067663958463e-07,4.426469487259029
6,0.01666887007358586,0.6291582743616692,1.4623042205337488e-07,4.425394383879043,1.5742512286771213e-07,4.425394383879043
7,0.01944701508585017,0.6291066896188263,1.451087632855489e-07,4.424319328016981,1.5814674338213467e-07,4.424319328016981
8,0.02222516009811448,0.6290555968808572,1.4399654545292803e-07,4.4232443145479134,1.5887164664683156e-07,4.4232443145479134
9,0.02500330511037879,0.6290049998336635,1.42893758865962e-07,4.422169219477145,1.5959993143183877e-07,4.422169219477145
10,0.0277814501226431,0.6289549153498898,1.4180011934466651e-07,4.4210943690617635,1.6033139122781652e-07,4.4210943690617635
11,0.03055959513490741,0.6289053231204046,1.407157329725535e-07,4.4200194531325225,1.6106625178711802e-07,4.4200194531325225
12,0.03333774014717172,0.6288562377941531,1.3964044753548444e-07,4.418944584861526,1.6180445098917606e-07,4.418944584861526
13,0.03611588515943603,0.6288076616797329,1.3857415378695944e-07,4.417869810125427,1.625459721770419e-07,4.417869810125427
14,0.03889403017170034,0.6287595897474199,1.3751680182507303e-07,4.416795076951569,1.6329086619105314e-07,4.416795076951569
15,0.04167217518396465,0.6287120204630298,1.3646829570407045e-07,4.415720411730318,1.6403912989806567e-07,4.415720411730318
16,0.04445032019622896,0.6286649650492885,1.35428571129717e-07,4.414645788088357,1.647907965644534e-07,4.414645788088357
17,0.04722846520849327,0.628618420714173,1.343974391022316e-07,4.413571396672656,1.6554574753341627e-07,4.413571396672656
18,0.05000661022075758,0.6285723852049927,1.3337495953340603e-07,4.412497000659389,1.6630416381009197e-07,4.412497000659389
19,0.05278475523302189,0.6285268597764768,1.3236097544064178e-07,4.4114227385742275,1.6706596294331877e-07,4.4114227385742275
20,0.0555629002452862,0.6284818497999656,1.313554455279301e-07,4.410348549482447,1.6783120294318644e-07,4.410348549482447
21,0.05834104525755051,0.6284373507177367,1.3035826165290896e-07,4.4092744913896915,1.685998577007733e-07,4.4092744913896915
22,0.06111919026981482,0.6283933647816845,1.2936938462810703e-07,4.408200501266224,1.6937198731765262e-07,4.408200501266224
23,0.06389733528207912,0.628349902302491,1.2838863344913384e-07,4.407126771511537,1.7014746798280631e-07,4.407126771511537
24,0.06667548029434343,0.628306948633445,1.274160612056439e-07,4.4060530762870265,1.7092647775113295e-07,4.4060530762870265
25,0.06945362530660774,0.628264511923793,1.2645152296540007e-07,4.404979546408294,1.7170893688313132e-07,4.404979546408294
26,0.07223177031887205,0.6282226015181595,1.2549496569663733e-07,4.403906148298886,1.7249488454257136e-07,4.403906148298886
27,0.07500991533113636,0.6281812042761002,1.2454628756445052e-07,4.402832939961277,1.7328429345785546e-07,4.402832939961277
28,0.07778806034340068,0.6281403308311991,1.2360543049855374e-07,4.4017598996676774,1.7407719405421664e-07,4.4017598996676774
29,0.08056620535566499,0.6280999791067624,1.2267233653262128e-07,4.40068700650266,1.748736167883257e-07,4.40068700650266
30,0.0833443503679293,0.6280601511642238,1.2174691381953414e-07,4.399614304279363,1.7567354403234883e-07,4.399614304279363
31,0.0861224953801936,0.6280208347961673,1.2082913983028023e-07,4.398541707548385,1.7647705502414998e-07,4.398541707548385
32,0.08890064039245792,0.6279820641854114,1.1991882381839608e-07,4.3974694512437935,1.7728398750763902e-07,4.3974694512437935
33,0.09167878540472223,0.6279438001207227,1.1901601983104528e-07,4.39639730698323,1.780945287532238e-07,4.39639730698323
34,0.09445693041698654,0.6279060587476976,1.1812065044012433e-07,4.395325295431241,1.7890867838846464e-07,4.395325295431241
35,0.09723507542925085,0.6278688604836719,1.1723252373222854e-07,4.39425366352051,1.7972626283327118e-07,4.39425366352051
36,0.10001322044151516,0.6278321794207246,1.1635170701616773e-07,4.3931821557788755,1.8054749194182368e-07,4.3931821557788755
37,0.10279136545377947,0.6277960310424954,1.154780751224383e-07,4.392110892175429,1.813722886072444e-07,4.392110892175429
38,0.10556951046604378,0.6277604091034591,1.1461156766752733e-07,4.391039868291589,1.822006710803443e-07,4.391039868291589
39,0.10834765547830809,0.6277253198847733,1.137521114228818e-07,4.389969106130344,1.830326367597417e-07,4.389969106130344
40,0.1111258004905724,0.627690752974817,1.1289970614491227e-07,4.388898481888173,1.838682972369635e-07,4.388898481888173
41,0.11390394550283671,0.6276567236543602,1.1205415839097706e-07,4.38782826368674,1.8470745754214424e-07,4.38782826368674
42,0.11668209051510102,0.627623228281866,1.1121549894488655e-07,4.38675826714942,1.855502762458766e-07,4.38675826714942
43,0.11946023552736533,0.6275902634505534,1.1038365244283008e-07,4.385688524079611,1.8639674342741695e-07,4.385688524079611
44,0.12223838053962964,0.6275578112979581,1.0955855240544798e-07,4.384619049718424,1.87246861909045e-07,4.384619049718424
45,0.12501652555189394,0.6275258262081795,1.0874016683054386e-07,4.383549787970842,1.8810069102433577e-07,4.383549787970842
46,0.12779467056415825,0.6274943092375238,1.0792830881835055e-07,4.3824810101966865,1.8895802801841342e-07,4.3824810101966865
47,0.13057281557642256,0.6274632417507182,1.071230677508567e-07,4.381412408558893,1.8981913425352572e-07,4.381412408558893
48,0.13335096058868687,0.6274326420910404,1.0632430710935139e-07,4.380344151228314,1.906838888311589e-07,4.380344151228314
49,0.13612910560095118,0.6274024982575357,1.0553198214073177e-07,4.379276215002693,1.915523251266492e-07,4.379276215002693
50,0.1389072506132155,0.6273728157067691,1.047460501439803e-07,4.378208571991457,1.9242448017638574e-07,4.378208571991457
51,0.1416853956254798,0.6273436006814749,1.039664205492375e-07,4.377141299555553,1.933003050647993e-07,4.377141299555553
52,0.1444635406377441,0.627314846994021,1.0319306244830589e-07,4.376074347051208,1.9417985568095457e-07,4.376074347051208
53,0.14724168565000842,0.6272865418867778,1.0242592112118558e-07,4.375007716762587,1.9506314515817356e-07,4.375007716762587
54,0.15001983066227273,0.6272587202759052,1.0166491565667115e-07,4.373941468897189,1.9595013688814218e-07,4.373941468897189
55,0.15279797567453704,0.6272313552467599,1.0090998629215623e-07,4.372875621020298,1.968408309430773e-07,4.372875621020298
56,0.15557612068680135,0.6272044579997245,1.0016110689937595e-07,4.371810114735225,1.9773528992157265e-07,4.371810114735225
57,0.15835426569906566,0.627178016222763,9.941822061054029e-08,4.370744962038576,1.9863351860702905e-07,4.370744962038576
58,0.16113241071132997,0.6271520440863431,9.86812526303154e-08,4.3696802165066835,1.9953548551457874e-07,4.3696802165066835
59,0.16391055572359428,0.6271265396681142,9.795015712223637e-08,4.3686158680028235,2.0044121328133195e-07,4.3686158680028235
60,0.1666887007358586,0.6271014949163273,9.722489127214545e-08,4.367551900213503,2.0135073011153432e-07,4.367551900213503
61,0.1694668457481229,0.627076924840967,9.650538778510022e-08,4.366488354047861,2.0226401462551055e-07,4.366488354047861
62,0.1722449907603872,0.6270528175250626,9.579159449211796e-08,4.365425237917622,2.0318107382305974e-07,4.365425237917622
63,0.17502313577265152,0.6270291702533869,9.508348483577959e-08,4.364362500126746,2.0410196631757927e-07,4.364362500126746
64,0.17780128078491583,0.6270060029832429,9.438094632099975e-08,4.363300293642818,2.0502657269038832e-07,4.363300293642818
65,0.18057942579718014,0.6269832991038491,9.368400246111341e-08,4.362238450174556,2.0595505342364684e-07,4.362238450174556
66,0.18335757080944445,0.6269610601164581,9.299255244626964e-08,4.361177098745402,2.0688730969519067e-07,4.361177098745402
67,0.18613571582170876,0.6269392834294475,9.230661354680738e-08,4.360116084805205,2.078234913547176e-07,4.360116084805205
68,0.18891386083397307,0.6269179949628682,9.162599737955598e-08,4.359055755038237,2.0876330492646258e-07,4.359055755038237
69,0.19169200584623738,0.6268971587251878,9.095081372490825e-08,4.357995731069324,2.0970709995869913e-07,4.357995731069324
70,0.1944701508585017,0.6268768004009383,9.028090271873921e-08,4.356936294626219,2.106546387896949e-07,4.356936294626219
71,0.197248295870766,0.6268569040414558,8.961630552981189e-08,4.355877233499919,2.1160612508970878e-07,4.355877233499919
72,0.20002644088303032,0.6268374834664979,8.895689199365951e-08,4.3548187622196775,2.1256137930976097e-07,4.3548187622196775
73,0.20280458589529463,0.6268185326758581,8.83026684615382e-08,4.353760755851057,2.1352052731755363e-07,4.353760755851057
74,0.20558273090755894,0.6268000443784699,8.765356958828927e-08,4.352703270536612,2.1448353193067006e-07,4.352703270536612
75,0.20836087591982325,0.6267820182631811,8.700957365318473e-08,4.351646252335785,2.1545045575459806e-07,4.351646252335785
76,0.21113902093208756,0.6267644839576134,8.637056704722772e-08,4.350589884019916,2.1642114335905506e-07,4.350589884019916
77,0.21391716594435187,0.6267474093726192,8.573657598433276e-08,4.349533991461137,2.173957684476442e-07,4.349533991461137
78,0.21669531095661618,0.6267308049243062,8.51075350806955e-08,4.3484786360220475,2.1837428750147077e-07,4.3484786360220475
79,0.2194734559688805,0.6267146682226699,8.448341863287621e-08,4.347423777064699,2.193567515241382e-07,4.347423777064699
80,0.2222516009811448,0.6266990080673239,8.386411022649125e-08,4.346369615173147,2.2034298585057807e-07,4.346369615173147
81,0.2250297459934091,0.6266838140694101,8.324965844401024e-08,4.34531591548099,2.2133322310736124e-07,4.34531591548099
82,0.22780789100567342,0.6266690893622,8.263996591903925e-08,4.34426283121025,2.2232733235160167e-07,4.34426283121025
83,0.23058603601793773,0.6266548407186513,8.203500326546202e-08,4.3432103358496965,2.2332535075907117e-07,4.3432103358496965
84,0.23336418103020204,0.6266410599454307,8.143470682771852e-08,4.342158497313113,2.2432722629907017e-07,4.342158497313113
85,0.23614232604246635,0.6266277409253802,8.08390973221675e-08,4.341107153864688,2.2533312597806844e-07,4.341107153864688
86,0.23892047105473066,0.6266149011633921,8.024807889429258e-08,4.340056462771858,2.2634291158030905e-07,4.340056462771858
87,0.24169861606699497,0.6266025256972125,7.96616236175041e-08,4.339006397933075,2.2735662066541343e-07,4.339006397933075
88,0.24447676107925928,0.6265906323529744,7.907967733860991e-08,4.3379570060514805,2.2837421940346011e-07,4.3379570060514805
89,0.2472549060915236,0.6265791968960751,7.850224597112372e-08,4.336908167480039,2.2939583699181363e-07,4.336908167480039
90,0.2500330511037879,0.6265682389475444,7.792923702583605e-08,4.335860039115535,2.3042133216101565e-07,4.335860039115535
91,0.2528111961160522,0.6265577486591041,7.736063665021378e-08,4.334812558375579,2.3145077794265673e-07,4.334812558375579
92,0.2555893411283165,0.6265477295412343,7.679642156762133e-08,4.333765688771713,2.3248422235688393e-07,4.333765688771713
93,0.2583674861405808,0.6265381742930256,7.623651473883017e-08,4.332719550249354,2.3352155893024205e-07,4.332719550249354
94,0.2611456311528451,0.6265290939966944,7.56809062485232e-08,4.331674069882286,2.34562870948491e-07,4.331674069882286
95,0.2639237761651094,0.6265204789780819,7.51295495838304e-08,4.330629282225247,2.35608136059779e-07,4.330629282225247
96,0.26670192117737374,0.6265123106517692,7.45824270762805e-08,4.329585137671761,2.366574156022178e-07,4.329585137671761
97,0.26948006618963805,0.6265045668798521,7.403945432214223e-08,4.328541785080146,2.3771057075848476e-07,4.328541785080146
98,0.27225821120190236,0.626497231034623,7.350065001970603e-08,4.327499069194661,2.3876776991202787e-07,4.327499069194661
99,0.27503635621416667,0.6264903224948775,7.296593810854089e-08,4.32645711768861,2.3982889509305664e-07,4.32645711768861
100,0.277814501226431,0.6264838803791304,7.243530684127221e-08,4.325415865943655,2.4089402234522073e-07,4.325415865943655
101,0.2805926462386953,0.6264778773489119,7.190872066021611e-08,4.324375323081927,2.419631547201208e-07,4.324375323081927
102,0.2833707912509596,0.6264723481175087,7.138608056446507e-08,4.323335692976171,2.4303609135946415e-07,4.323335692976171
103,0.2861489362632239,0.6264672352045407,7.086749340012953e-08,4.3222965494667225,2.4411328566470877e-07,4.3222965494667225
104,0.2889270812754882,0.626462610056578,7.03527526595343e-08,4.321258431444023,2.451941870718921e-07,4.321258431444023
105,0.29170522628775253,0.6264584150859155,6.98419525161825e-08,4.320220950787463,2.462792114496708e-07,4.320220950787463
106,0.29448337130001684,0.6264546812489487,6.933501178065187e-08,4.319184262631543,2.4736820671020936e-07,4.319184262631543
107,0.29726151631228115,0.6264513817365562,6.883189892836357e-08,4.3181483706016195,2.4846118024336864e-07,4.3181483706016195
108,0.30003966132454546,0.6264485432667922,6.83325767045441e-08,4.317113295791731,2.495581187536909e-07,4.317113295791731
109,0.30281780633680977,0.6264461440431979,6.783705646630436e-08,4.3160789052101,2.5065917484327754e-07,4.3160789052101
110,0.3055959513490741,0.6264442019602842,6.73452177323213e-08,4.315045490865404,2.517640466397553e-07,4.315045490865404
111,0.3083740963613384,0.6264427115104256,6.685708807084625e-08,4.314012869168053,2.528729396187558e-07,4.314012869168053
112,0.3111522413736027,0.6264416630851478,6.63726418484377e-08,4.3129810279526275,2.5398587749848475e-07,4.3129810279526275
113,0.313930386385867,0.6264410611508591,6.589182278003408e-08,4.3119500568300575,2.551027731557681e-07,4.3119500568300575
114,0.3167085313981313,0.6264409011000627,6.541461358887756e-08,4.310919918640448,2.5622367648937894e-07,4.310919918640448
115,0.31948667641039563,0.626441189137652,6.494098902845133e-08,4.309890602353243,2.57348608918634e-07,4.309890602353243
116,0.32226482142265994,0.6264419257489513,6.447090194774092e-08,4.3088621719330495,2.5847750988656407e-07,4.3088621719330495
117,0.32504296643492425,0.6264431124557709,6.400430627044885e-08,4.307834690140586,2.5961031887323387e-07,4.307834690140586
118,0.32782111144718856,0.6264447309879017,6.354121497243145e-08,4.3068080200800445,2.6074719645431416e-07,4.3068080200800445
119,0.3305992564594529,0.6264468040065816,6.308158619681745e-08,4.305782210156089,2.6188809775748436e-07,4.305782210156089
120,0.3333774014717172,0.6264493141759768,6.262536311218832e-08,4.304757364225098,2.6303291636784665e-07,4.304757364225098
121,0.3361555464839815,0.6264522637200874,6.21725409871523e-08,4.303733406672823,2.6418174499081134e-07,4.303733406672823
122,0.3389336914962458,0.6264556614372447,6.172308366369644e-08,4.302710371102076,2.6533455406427266e-07,4.302710371102076
123,0.3417118365085101,0.6264594941409429,6.127697402075936e-08,4.301688226071309,2.6649138815654625e-07,4.301688226071309
124,0.3444899815207744,0.6264637675891581,6.083416550495606e-08,4.300667044450666,2.676521726911016e-07,4.300667044450666
125,0.34726812653303873,0.6264684809751319,6.039464776707812e-08,4.299646771926736,2.688169775351203e-07,4.299646771926736
126,0.35004627154530304,0.6264736268430134,5.995838493079775e-08,4.298627446113734,2.699857682351135e-07,4.298627446113734
127,0.35282441655756736,0.6264792211228234,5.952533911762616e-08,4.297609112916231,2.711584990558031e-07,4.297609112916231
128,0.35560256156983167,0.6264852498978606,5.909548157586871e-08,4.296591787668436,2.723351599159452e-07,4.296591787668436
129,0.358380706582096,0.6264917060785126,5.8668818839730156e-08,4.295575356369919,2.7351589081046235e-07,4.295575356369919
130,0.3611588515943603,0.6264986086580695,5.8245294669283676e-08,4.294559935135999,2.7470056372590657e-07,4.294559935135999
131,0.3639369966066246,0.6265059401780475,5.782488095894038e-08,4.29354553996915,2.7588916751200237e-07,4.29354553996915
132,0.3667151416188889,0.6265122124139866,5.745985476102484e-08,4.292335296010809,2.773141202605825e-07,4.292335296010809
133,0.3694932866311532,0.6265219082337122,5.6993323033384923e-08,4.291519702776383,2.782783413931765e-07,4.291519702776383
134,0.3722714316434175,0.6265305342535472,5.65821254385319e-08,4.290508284269086,2.7947889833053945e-07,4.290508284269086
135,0.37504957665568184,0.6265395848944171,5.617394709776282e-08,4.289497880808876,2.806834267087217e-07,4.289497880808876
136,0.37782772166794615,0.6265490812379264,5.576873943616123e-08,4.28848859059606,2.8189181450621125e-07,4.28848859059606
137,0.38060586668021046,0.6265590046024839,5.536655323870278e-08,4.287480129472312,2.831044100852829e-07,4.287480129472312
138,0.38338401169247477,0.6265693289242725,5.496722664955623e-08,4.286473039514918,2.8432056694076067e-07,4.286473039514918
139,0.3861621567047391,0.6265800554215417,5.457084774705003e-08,4.285466891343636,2.8554080779462915e-07,4.285466891343636
140,0.3889403017170034,0.6265911673081953,5.41773817043909e-08,4.284461733741709,2.8676508144699217e-07,4.284461733741709
141,0.3917184467292677,0.6266026763592246,5.378677835937955e-08,4.283457677959961,2.8799325790334495e-07,4.283457677959961
142,0.394496591741532,0.626614589212059,5.3399005060367647e-08,4.282454768609446,2.892252870712834e-07,4.282454768609446
143,0.3972747367537963,0.6266268831857089,5.301407257215675e-08,4.281452877220824,2.904613332374833e-07,4.281452877220824
144,0.40005288176606063,0.6266395733097505,5.2631924460886945e-08,4.280452145454802,2.9170122623010365e-07,4.280452145454802
145,0.40283102677832494,0.6266526583029324,5.225257116402985e-08,4.279452445396945,2.929451297914447e-07,4.279452445396945
146,0.40560917179058925,0.6266661183223228,5.187596954148679e-08,4.278453868428372,2.9419293642597274e-07,4.278453868428372
147,0.40838731680285356,0.6266799824181043,5.1502074623866325e-08,4.2774565151265,2.954445229923426e-07,4.2774565151265
148,0.41116546181511787,0.6266942274442237,5.1130898602358736e-08,4.276460251685573,2.967000625486484e-07,4.276460251685573
149,0.4139436068273822,0.6267088538497356,5.076241451632242e-08,4.275465105661667,2.9795952517503616e-07,4.275465105661667
150,0.4167217518396465,0.6267238725131363,5.0396592476495096e-08,4.274471118228886,2.9922286264801277e-07,4.274471118228886
151,0.4194998968519108,0.6267392777649651,5.0033402795413976e-08,4.2734783318447445,3.004900246831007e-07,4.2734783318447445
152,0.4222780418641751,0.6267550574061379,4.967284604355917e-08,4.272486660993885,3.0176112501552847e-07,4.272486660993885
153,0.4250561868764394,0.6267712240124721,4.9314885642049434e-08,4.271496178423966,3.030360736377958e-07,4.271496178423966
154,0.42783433188870373,0.6267877591412568,4.8959521564828826e-08,4.270506801305074,3.043149821093847e-07,4.270506801305074
155,0.43061247690096804,0.6268046853380879,4.8606685850004036e-08,4.269518741876305,3.055975777313816e-07,4.269518741876305
156,0.43339062191323235,0.6268219876076475,4.825641531315243e-08,4.268531757293838,3.0688417975234914e-07,4.268531757293838
157,0.43616876692549666,0.626839655539123,4.7908661287117875e-08,4.267545978642484,3.081746216001601e-07,4.267545978642484
158,0.438946911937761,0.6268577404316733,4.7563332672493226e-08,4.266561729063638,3.0946847773669877e-07,4.266561729063638
159,0.4417250569500253,0.6268761673948735,4.722053806693235e-08,4.265578445567859,3.107664943919597e-07,4.265578445567859
160,0.4445032019622896,0.6268949647910849,4.6880251797675514e-08,4.264596156102473,3.120686397552599e-07,4.264596156102473
161,0.4472813469745539,0.6269141241482842,4.654232015863784e-08,4.263615475759899,3.133740994031895e-07,4.263615475759899
162,0.4500594919868182,0.6269336974880324,4.6206787355799286e-08,4.26263612531907,3.1468324102716844e-07,4.26263612531907
163,0.4528376369990825,0.6269536062902483,4.587369901864421e-08,4.261657816360096,3.1599645714738933e-07,4.261657816360096
164,0.45561578201134684,0.6269738970510562,4.5542971239236125e-08,4.260680852399608,3.1731334052061273e-07,4.260680852399608
165,0.45839392702361115,0.6269945407617493,4.521462881318007e-08,4.259705038711932,3.186341570146696e-07,4.259705038711932
166,0.46117207203587546,0.6270155601686274,4.488860599620921e-08,4.258730601483637,3.1995860059036213e-07,4.258730601483637
167,0.46395021704813977,0.6270369424334499,4.4564903964550716e-08,4.257757456863369,3.2128678608834006e-07,4.257757456863369
168,0.4667283620604041,0.6270586777368444,4.424355508133642e-08,4.25678537019627,3.2261903742969633e-07,4.25678537019627
169,0.4695065070726684,0.6270807953201909,4.392439579817482e-08,4.255815042850218,3.239543899708874e-07,4.255815042850218
170,0.4722846520849327,0.6271032587835835,4.360755818523197e-08,4.254845765293105,3.252938215253703e-07,4.254845765293105
171,0.475062797097197,0.6271260860385773,4.3292958224741885e-08,4.253877861812748,3.2663688475455303e-07,4.253877861812748
172,0.4778409421094613,0.6271492565410391,4.298060732282448e-08,4.252911198693168,3.279837666913859e-07,4.252911198693168
173,0.48061908712172563,0.6271727989955004,4.267045058830752e-08,4.251945965453262,3.293342015592105e-07,4.251945965453262
174,0.48339723213398994,0.6271967000951392,4.236248909711299e-08,4.250982080008252,3.306883036459325e-07,4.250982080008252
175,0.48617537714625425,0.6272209368382203,4.2056721637107343e-08,4.250019470568426,3.320461752453365e-07,4.250019470568426
176,0.48895352215851856,0.627245527536927,4.17531107046614e-08,4.249058245540036,3.3340766199150543e-07,4.249058245540036
177,0.49173166717078287,0.6272704820521934,4.145163724801428e-08,4.24809842354837,3.347727355512493e-07,4.24809842354837
178,0.4945098121830472,0.6272957656553185,4.115231239168877e-08,4.247139871507045,3.3614158661097225e-07,4.247139871507045
179,0.4972879571953115,0.627321407366343,4.0855078717563865e-08,4.2461828038375495,3.3751390585184345e-07,4.2461828038375495
180,0.5000661022075757,0.6273474000086378,4.055993391770225e-08,4.24522715713193,3.38889781937217e-07,4.24522715713193
181,0.5028442472198401,0.6273737312198422,4.026687963017181e-08,4.2442728464254795,3.402693364711322e-07,4.2442728464254795
182,0.5056223922321044,0.6274003915506419,3.997590763792981e-08,4.243319836670463,3.4165262019143873e-07,4.243319836670463
183,0.5084005372443687,0.6274274181399805,3.9686935151749704e-08,4.242368484886714,3.4303910899502054e-07,4.242368484886714
184,0.511178682256633,0.6274547632431127,3.940002639673752e-08,4.241418379172335,3.444294032625119e-07,4.241418379172335
185,0.5139568272688974,0.6274824495975161,3.911513481096309e-08,4.240469687973315,3.458232542311981e-07,4.240469687973315
186,0.5167349722811616,0.6275104731656621,3.883222966819516e-08,4.239522500263222,3.4722052785026953e-07,4.239522500263222
187,0.519513117293426,0.6275388383800675,3.85513071714475e-08,4.238576761706489,3.4862130052149575e-07,4.238576761706489
188,0.5222912623056902,0.6275675215115496,3.827237118080534e-08,4.237632376104152,3.500257137630164e-07,4.237632376104152
189,0.5250694073179546,0.6275965625303924,3.7995354789884406e-08,4.236689632237162,3.514333312798418e-07,4.236689632237162
190,0.5278475523302188,0.6276258995015365,3.772048291457698e-08,4.235747215295863,3.528461266927091e-07,4.235747215295863
191,0.5306256973424832,0.6276555877143182,3.744716614370995e-08,4.234808309369234,3.542593064132671e-07,4.234808309369234
192,0.5334038423547475,0.6276855962518626,3.7175951474529505e-08,4.233869813068346,3.556775325127458e-07,4.233869813068346
193,0.5361819873670118,0.6277159288610503,3.6906614743590104e-08,4.232932895397199,3.570990408199248e-07,4.232932895397199
194,0.5389601323792761,0.6277465806093152,3.663916612778795e-08,4.231997425644253,3.5852402523085814e-07,4.231997425644253
195,0.5417382773915405,0.6277775632842503,3.637357964282601e-08,4.231063476557106,3.5995236974523855e-07,4.231063476557106
196,0.5445164224038047,0.6278088548393796,3.610984276536768e-08,4.230131046862132,3.613840722728769e-07,4.230131046862132
197,0.5472945674160691,0.6278404633327583,3.5847978979814346e-08,4.229199925970999,3.6281945272309957e-07,4.229199925970999
198,0.5500727124283333,0.6278724113292509,3.558786774204509e-08,4.228270738777544,3.642575382671639e-07,4.228270738777544
199,0.5528508574405977,0.6279046442529862,3.532961352674243e-08,4.227342807197134,3.6569937569790105e-07,4.227342807197134
200,0.555629002452862,0.6279372039137644,3.5073141563424295e-08,4.226416493042477,3.6714439587153724e-07,4.226416493042477
201,0.5584071474651263,0.6279700764022548,3.4818493679157975e-08,4.225491475650715,3.685930960043559e-07,4.225491475650715
202,0.5611852924773906,0.6280032412517241,3.456555040283968e-08,4.2245683936487515,3.700444681312609e-07,4.2245683936487515
203,0.5639634374896549,0.6280367189575756,3.4314411021950515e-08,4.223646581538178,3.7149955162040475e-07,4.223646581538178
204,0.5667415825019192,0.6280705116491591,3.40649782812648e-08,4.222726551420456,3.7295753086208564e-07,4.222726551420456
205,0.5695197275141836,0.6281045608775943,3.3817385217999994e-08,4.221807422534464,3.7441980407905254e-07,4.221807422534464
206,0.5722978725264478,0.6281389868453144,3.3571356095741746e-08,4.220890803458566,3.7588379253827196e-07,4.220890803458566
207,0.5750760175387122,0.6281736787772962,3.3327076868576697e-08,4.2199754906763145,3.7735141367604745e-07,4.2199754906763145
208,0.5778541625509764,0.628208689900014,3.308448129274595e-08,4.219061817988591,3.788221231701686e-07,4.219061817988591
209,0.5806323075632408,0.6282439516562688,3.2843627142993405e-08,4.218149353098403,3.802966172545015e-07,4.218149353098403
210,0.5834104525755051,0.6282795435161537,3.260437071113716e-08,4.217238922785022,3.8177354505883555e-07,4.217238922785022
211,0.5861885975877694,0.6283154268611957,3.236679361629001e-08,4.216329945120178,3.832538434803521e-07,4.216329945120178
212,0.5889667426000337,0.6283515858533362,3.2130866793026426e-08,4.215422531904394,3.84737324631063e-07,4.215422531904394
213,0.591744887612298,0.6283880450857625,3.189656247550861e-08,4.214516788889084,3.862238053998485e-07,4.214516788889084
214,0.5945230326245623,0.628424770936339,3.1663887409539734e-08,4.213612602648422,3.877134655282042e-07,4.213612602648422
215,0.5973011776368267,0.6284618011992104,3.143281098771471e-08,4.212710099451008,3.892060857328898e-07,4.212710099451008
216,0.6000793226490909,0.6284991131734511,3.12033245381402e-08,4.211809266815314,3.907016779605041e-07,4.211809266815314
217,0.6028574676613553,0.6285367005499717,3.0975427572619873e-08,4.210910037588049,3.922003448479059e-07,4.210910037588049
218,0.6056356126736195,0.6285745654477615,3.074909942742377e-08,4.210012477834069,3.9370196666930026e-07,4.210012477834069
219,0.6084137576858839,0.6286127093148053,3.052433488084514e-08,4.2091165520397,3.9520659298875016e-07,4.2091165520397
220,0.6111919026981482,0.6286511314734433,3.030111313455957e-08,4.208222329728623,3.96714096635103e-07,4.208222329728623
221,0.6139700477104125,0.6286898184451089,3.007943828333417e-08,4.207329713583839,3.9822463268451607e-07,4.207329713583839
222,0.6167481927226768,0.6287287969652245,2.985926974736985e-08,4.206438909345923,3.9973783953156315e-07,4.206438909345923
223,0.6195263377349411,0.6287680309617807,2.964062714416244e-08,4.205549714982435,4.012540516644179e-07,4.205549714982435
224,0.6223044827472054,0.6288075353086681,2.9423487311101716e-08,4.204662219432275,4.0277310605552607e-07,4.204662219432275
225,0.6250826277594698,0.6288473051149495,2.9207842434225185e-08,4.203776407546929,4.0429501760914784e-07,4.203776407546929
226,0.627860772771734,0.6288873307762404,2.8993679996695313e-08,4.202892297641694,4.058197440988346e-07,4.202892297641694
227,0.6306389177839984,0.6289276299838372,2.8780985292476847e-08,4.202009923689101,4.0734721382854027e-07,4.202009923689101
228,0.6334170627962626,0.6289681877432763,2.856975448129108e-08,4.201129244435435,4.088774872761668e-07,4.201129244435435
229,0.636195207808527,0.6290089929427117,2.8359973450660626e-08,4.200250291708223,4.104104976875876e-07,4.200250291708223
230,0.6389733528207913,0.6290500627551419,2.8151634631206493e-08,4.199373050425855,4.119462580766694e-07,4.199373050425855
231,0.6417514978330556,0.6290913855141809,2.794472243389764e-08,4.198497564934528,4.134846786898213e-07,4.198497564934528
232,0.6445296428453199,0.6291329693333726,2.7739218804284023e-08,4.197623898816986,4.15025633356977e-07,4.197623898816986
233,0.6473077878575842,0.629174782670731,2.75351484710232e-08,4.196751802685822,4.165695524604971e-07,4.196751802685822
234,0.6500859328698485,0.6292168543669607,2.7332466432168957e-08,4.195881538028024,4.181159582177087e-07,4.195881538028024
235,0.6528640778821129,0.6292591603296441,2.7131176309527398e-08,4.19501301113099,4.196650047176542e-07,4.19501301113099
236,0.6556422228943771,0.6293017291966096,2.693126430318353e-08,4.194146256110487,4.2121661570837134e-07,4.194146256110487
237,0.6584203679066415,0.6293445275811913,2.673272310479297e-08,4.193281260986967,4.227708007655273e-07,4.193281260986967
238,0.6611985129189057,0.6293875700264274,2.653554001097311e-08,4.192418053694953,4.2432749442590093e-07,4.192418053694953
239,0.6639766579311701,0.629423292613344,2.6399282222299344e-08,4.191098525738151,4.2672015062346253e-07,4.191098525738151
240,0.6667548029434344,0.6294743666201635,2.6145214720634064e-08,4.190696988192184,4.2744837670881773e-07,4.190696988192184
241,0.6695329479556987,0.6295181125435568,2.595206047872139e-08,4.189839087091357,4.290126148659117e-07,4.189839087091357
242,0.672311092967963,0.6295620815963207,2.576022627624126e-08,4.188982997213318,4.305792617542869e-07,4.188982997213318
243,0.6750892379802274,0.6296062964037327,2.5569702294060455e-08,4.18812872772145,4.3214828333727267e-07,4.18812872772145
244,0.6778673829924916,0.629650723421852,2.5380482871107478e-08,4.187276256983708,4.337197056533196e-07,4.187276256983708
245,0.680645528004756,0.6296953261138968,2.5192564938111713e-08,4.186425541586379,4.3529359395158147e-07,4.186425541586379
246,0.6834236730170202,0.6297401098651536,2.5005942946827263e-08,4.18557655705169,4.3686997850766067e-07,4.18557655705169
247,0.6862018180292846,0.62978508403971,2.4820569340954772e-08,4.184729620461688,4.3844825129272905e-07,4.184729620461688
248,0.6889799630415488,0.6298302340599189,2.463647392442045e-08,4.183884425163808,4.400289680963444e-07,4.183884425163808
249,0.6917581080538132,0.6298755508046303,2.4453641006963322e-08,4.18304103143156,4.416120011402371e-07,4.18304103143156
250,0.6945362530660775,0.6299210440671601,2.427205738614496e-08,4.18219948046721,4.4319725580403877e-07,4.18219948046721
251,0.6973143980783418,0.6299666981520793,2.409172145625263e-08,4.181359718846847,4.4478481745825255e-07,4.181359718846847
252,0.7000925430906061,0.6300125159046238,2.3912615830574035e-08,4.180521824387085,4.463745216001071e-07,4.180521824387085
253,0.7028706881028705,0.630058458128068,2.3734801451185132e-08,4.179685214662408,4.479674661683355e-07,4.179685214662408
254,0.7056488331151347,0.630104656374269,2.3558077942720823e-08,4.178851517461216,4.4956051451484613e-07,4.178851517461216
255,0.7084269781273991,0.6301509744687247,2.3382619438943302e-08,4.178019194756015,4.5115659659242947e-07,4.178019194756015
256,0.7112051231396633,0.6301974630153274,2.3208352802644713e-08,4.177188800800758,4.527546303702406e-07,4.177188800800758
257,0.7139832681519276,0.6302401731683607,2.3088082608908323e-08,4.175900640416209,4.552468351773772e-07,4.175900640416209
258,0.716761413164192,0.630290894852833,2.2863407293143685e-08,4.175533429816831,4.5595719731584743e-07,4.175533429816831
259,0.7195395581764562,0.6303378469450772,2.269270025221825e-08,4.1747085642495305,4.5756147799304744e-07,4.1747085642495305
260,0.7223177031887206,0.630384934599881,2.2523169830095233e-08,4.173885494663704,4.5916789774301994e-07,4.173885494663704
261,0.7250958482009848,0.6304321868336055,2.235478999861042e-08,4.173064384788334,4.607761155172477e-07,4.173064384788334
262,0.7278739932132492,0.6304795920432076,2.2187561795377575e-08,4.172245160322433,4.623862579193848e-07,4.172245160322433
263,0.7306521382255134,0.6305270063499109,2.2021711996643755e-08,4.17142569803368,4.640025191153287e-07,4.17142569803368
264,0.7334302832377778,0.6305748360600345,2.1856531021024017e-08,4.170612367213672,4.6561224208230035e-07,4.170612367213672
265,0.7362084282500421,0.6306226808508082,2.1692711133084177e-08,4.16979882361493,4.672279946103728e-07,4.16979882361493
266,0.7389865732623064,0.630670637876855,2.153002305259187e-08,4.16898708032722,4.6884576662967504e-07,4.16898708032722
267,0.7417647182745707,0.6307187730469447,2.1368432675984075e-08,4.168177385243753,4.704650380880933e-07,4.168177385243753
268,0.744542863286835,0.6307670333238425,2.1207955505707637e-08,4.167369530437173,4.720862082732887e-07,4.167369530437173
269,0.7473210082990993,0.6308154135629741,2.1048586426789534e-08,4.166563496380878,4.73709297912629e-07,4.166563496380878
270,0.7500991533113637,0.6308639585027269,2.0890286730620735e-08,4.1657595825394145,4.753336777911041e-07,4.1657595825394145
271,0.7528772983236279,0.6309126182332285,2.073308454399931e-08,4.164957457889032,4.769600000563024e-07,4.164957457889032
272,0.7556554433358923,0.6309614170438425,2.0576952346920208e-08,4.164157318654428,4.785878440085267e-07,4.164157318654428
273,0.7584335883481566,0.6310103063930378,2.0421911521494598e-08,4.163358892681814,4.802177482248299e-07,4.163358892681814
274,0.7612117333604209,0.6310593813402697,2.0267899455785128e-08,4.162562720451427,4.818485776885891e-07,4.162562720451427
275,0.7639898783726852,0.6311085693606299,2.0114952147064715e-08,4.16176838883448,4.834811616302205e-07,4.16176838883448
276,0.7667680233849495,0.6311578587806247,1.996306312609255e-08,4.1609758940671195,4.851154888767279e-07,4.1609758940671195
277,0.7695461683972138,0.6312072796633065,1.9812407315810034e-08,4.160183413817874,4.867553227576902e-07,4.160183413817874
278,0.7723243134094782,0.6312568207996592,1.966239533078785e-08,4.159396788831458,4.883885090474657e-07,4.159396788831458
279,0.7751024584217424,0.631306476211138,1.9513601949014067e-08,4.158610194826106,4.900271236100747e-07,4.158610194826106
280,0.7778806034340068,0.631356253275381,1.9365829063220783e-08,4.157825551744468,4.916671551698636e-07,4.157825551744468
281,0.780658748446271,0.6314061374823261,1.9219076359813345e-08,4.157042796848499,4.933087142075934e-07,4.157042796848499
282,0.7834368934585354,0.6314561503412607,1.9073320894273895e-08,4.156262099835111,4.94951419178061e-07,4.156262099835111
283,0.7862150384707997,0.6315062676720657,1.8928568606215364e-08,4.155483335112513,4.965955129271756e-07,4.155483335112513
284,0.788993183483064,0.6315564724358016,1.8784822040666464e-08,4.154706409399451,4.982411724818513e-07,4.154706409399451
285,0.7917713284953283,0.631606802929631,1.86420523018431e-08,4.153931558862036,4.998878703966995e-07,4.153931558862036
286,0.7945494735075926,0.6316572352707024,1.8500265721385743e-08,4.153158652534275,5.01535862876179e-07,4.153158652534275
287,0.7973276185198569,0.631707764240997,1.8359456516468988e-08,4.152387685817596,5.031851369860377e-07,4.152387685817596
288,0.8001057635321213,0.6317584159362276,1.8219607131472054e-08,4.151618780998072,5.048354041523533e-07,4.151618780998072
289,0.8028839085443855,0.6318091218854083,1.8080742976245046e-08,4.150851598392305,5.064873778504583e-07,4.150851598392305
290,0.8056620535566499,0.6318599841795098,1.7942798950523485e-08,4.15008677821518,5.081396431759842e-07,4.15008677821518
291,0.8084401985689141,0.6319109093763169,1.7805823935357547e-08,4.149323724215486,5.09793471926885e-07,4.149323724215486
292,0.8112183435811785,0.6319619500739535,1.7669782781865354e-08,4.1485627553843045,5.114481439368871e-07,4.1485627553843045
293,0.8139964885934428,0.6320130636313426,1.7534687068025197e-08,4.1478036787078505,5.131040582231159e-07,4.1478036787078505
294,0.8167746336057071,0.6320642735999111,1.7400519510575053e-08,4.147046620327534,5.147609131555635e-07,4.147046620327534
295,0.8195527786179714,0.6321155684677843,1.726746638873545e-08,4.1462893943371,5.164235022011038e-07,4.1462893943371
296,0.8223309236302357,0.6321669604262976,1.713495290727669e-08,4.145538476831976,5.180775241514686e-07,4.145538476831976
297,0.8251090686425,0.6322184285417795,1.7003540952802812e-08,4.14478740736784,5.197371957964325e-07,4.14478740736784
298,0.8278872136547644,0.6322699866250079,1.6873035924503434e-08,4.144038335414252,5.21397752568002e-07,4.144038335414252
299,0.8306653586670286,0.6323216261584531,1.6743431472604533e-08,4.143291268941885,5.230591517072042e-07,4.143291268941885
300,0.833443503679293,0.6323733400718589,1.6614724736235484e-08,4.142546175343804,5.247214408996233e-07,4.142546175343804
301,0.8362216486915572,0.6324251068732161,1.6486927063104716e-08,4.141802853433928,5.263850495619928e-07,4.141802853433928
302,0.8389997937038216,0.6324770752082683,1.6359971392550173e-08,4.141062030762683,5.280483080690353e-07,4.141062030762683
303,0.8417779387160859,0.6325291305898967,1.6233918821166482e-08,4.140322918221349,5.297129730157107e-07,4.140322918221349
304,0.8445560837283502,0.6325813272352895,1.6108727894276506e-08,4.139585944225773,5.313780484924071e-07,4.139585944225773
305,0.8473342287406145,0.6326336197767268,1.5984416314845068e-08,4.138850829530577,5.330441441617173e-07,4.138850829530577
306,0.8501123737528788,0.6326860614148992,1.5860954338160554e-08,4.13811786868006,5.347105600550981e-07,4.13811786868006
307,0.8528905187651431,0.6327386102962347,1.5738350897799146e-08,4.137386888197646,5.363776669556393e-07,4.137386888197646
308,0.8556686637774075,0.6327912809561882,1.5616597202504598e-08,4.136657929741262,5.38045341866961e-07,4.136657929741262
309,0.8584468087896717,0.6328440533198233,1.5495691615251155e-08,4.135930947552006,5.397136646519316e-07,4.135930947552006
310,0.8612249538019361,0.6328969491629203,1.537562182685388e-08,4.135206028985553,5.413824053230456e-07,4.135206028985553
311,0.8640030988142003,0.6329499482681524,1.5256388283872447e-08,4.134483102748854,5.430517025958898e-07,4.134483102748854
312,0.8667812438264647,0.6330030523397437,1.5137984049678354e-08,4.133762190126486,5.447214799470185e-07,4.133762190126486
313,0.869559388838729,0.633056276420114,1.5020399230958214e-08,4.133043351402336,5.463915682239706e-07,4.133043351402336
314,0.8723375338509933,0.6331095897551074,1.490363579626902e-08,4.132326495544083,5.480621541770166e-07,4.132326495544083
315,0.8751156788632576,0.6331629987448101,1.4787686501310998e-08,4.131611649204878,5.497331477135106e-07,4.131611649204878
316,0.877893823875522,0.6332165172285112,1.4672540912951194e-08,4.130898882285189,5.514043555696968e-07,4.130898882285189
317,0.8806719688877862,0.63327012774651,1.4558202228073543e-08,4.13018808628875,5.530760062828386e-07,4.13018808628875
318,0.8834501139000506,0.6333238373172394,1.4444657550696822e-08,4.129479365374837,5.547478256038959e-07,4.129479365374837
319,0.8862282589123148,0.6333776334832943,1.4331907710982614e-08,4.1287726420054405,5.564199695400518e-07,4.1287726420054405
320,0.8890064039245792,0.6334315403265453,1.4219938882744382e-08,4.128068035477617,5.580921241309789e-07,4.128068035477617
321,0.8917845489368434,0.6334855165253339,1.4108757354949996e-08,4.127365394661131,5.597646235972268e-07,4.127365394661131
322,0.8945626939491078,0.6335395893927818,1.399835397009149e-08,4.126664776062496,5.614373030746998e-07,4.126664776062496
323,0.8973408389613721,0.6335937444752516,1.38887179236598e-08,4.125966262436927,5.631099363220534e-07,4.125966262436927
324,0.9001189839736364,0.6336479729453177,1.3779854628983815e-08,4.12526971151285,5.647828367085533e-07,4.12526971151285
325,0.9028971289859007,0.6337022809923717,1.367175878901792e-08,4.124575128315648,5.664559643431384e-07,4.124575128315648
326,0.905675273998165,0.6337566995306266,1.3564402959159078e-08,4.123882833103422,5.68128511981425e-07,4.123882833103422
327,0.9084534190104293,0.633811148424119,1.3457817290101318e-08,4.123192332834871,5.69801651458079e-07,4.123192332834871
328,0.9112315640226937,0.6338657003106302,1.3351968434432865e-08,4.1225040336505,5.714743615348012e-07,4.1225040336505
329,0.9140097090349579,0.6339203354656426,1.3246863979757424e-08,4.121817760824548,5.731470387429136e-07,4.121817760824548
330,0.9167878540472223,0.6339749915893463,1.3142514499963016e-08,4.121133292108184,5.748202045224688e-07,4.121133292108184
331,0.9195659990594865,0.6340297844585001,1.303887271074968e-08,4.120451249099176,5.764922945203002e-07,4.120451249099176
332,0.9223441440717509,0.6340846002279981,1.2935975615200615e-08,4.119771023990727,5.78164780916541e-07,4.119771023990727
333,0.9251222890840152,0.6341394821906804,1.2833802466262184e-08,4.119092852897448,5.798370505803997e-07,4.119092852897448
334,0.9279004340962795,0.6341944390918298,1.2732347365679664e-08,4.1184167560147396,5.815090224312094e-07,4.1184167560147396
335,0.9306785791085438,0.6342494497864111,1.263160833824737e-08,4.117742695734136,5.831807613989007e-07,4.117742695734136
336,0.9334567241208082,0.6343045236540059,1.2531581102046153e-08,4.117070668155506,5.848522464364389e-07,4.117070668155506
337,0.9362348691330724,0.6343596522066884,1.2432259480384944e-08,4.116400699499123,5.865233827449581e-07,4.116400699499123
338,0.9390130141453368,0.6344148440713325,1.2333638083603995e-08,4.115732804417305,5.881941022217426e-07,4.115732804417305
339,0.941791159157601,0.6344700761349613,1.2235718796208675e-08,4.115066885265818,5.898646219410088e-07,4.115066885265818
340,0.9445693041698654,0.6345253628798716,1.2138490203174354e-08,4.114403050891444,5.915346368065471e-07,4.114403050891444
341,0.9473474491821297,0.6345806912011727,1.2041952609123618e-08,4.113741228063963,5.932043020840668e-07,4.113741228063963
342,0.950125594194394,0.6346360698164546,1.1946099751306252e-08,4.113081446478922,5.948735118175804e-07,4.113081446478922
343,0.9529037392066583,0.6346914917690774,1.1850927188902725e-08,4.112423708125028,5.965422309783977e-07,4.112423708125028
344,0.9556818842189226,0.6347469666931754,1.1756428266583351e-08,4.111768051081835,5.982103309097905e-07,4.111768051081835
345,0.9584600292311869,0.6348024868277969,1.1662599300155983e-08,4.111114466683068,5.998778028333688e-07,4.111114466683068
346,0.9612381742434513,0.6348580393874702,1.1569440451237596e-08,4.110462883061238,6.01544801144228e-07,4.110462883061238
347,0.9640163192557155,0.6349136315713805,1.1476945471557363e-08,4.109813332695263,6.032112116019541e-07,4.109813332695263
348,0.9667944642679799,0.6349692510680517,1.1385109263510644e-08,4.109165830684984,6.048769654645697e-07,4.109165830684984
349,0.9695726092802441,0.635024910270772,1.1293928167407658e-08,4.10852036808816,6.065420538455486e-07,4.10852036808816
350,0.9723507542925085,0.635080567740668,1.1203407103102535e-08,4.1078767914943795,6.082068478724572e-07,4.1078767914943795
351,0.9751288993047728,0.6351363208768669,1.1113514448372647e-08,4.1072355661744435,6.098700992526179e-07,4.1072355661744435
352,0.9779070443170371,0.6351920689657823,1.1024273416009268e-08,4.106596229904926,6.1153298649236e-07,4.106596229904926
353,0.9806851893293014,0.6352478455884664,1.0935671317722545e-08,4.105958928005989,6.131950978469508e-07,4.105958928005989
354,0.9834633343415657,0.6353036422032922,1.0847703821790309e-08,4.105323665364541,6.148563902516675e-07,4.105323665364541
355,0.98624147935383,0.6353594634886118,1.0760368207654963e-08,4.104690418549516,6.165168937283253e-07,4.104690418549516
356,0.9890196243660944,0.6354153216670284,1.067365408416855e-08,4.1040593002015955,6.181762787740666e-07,4.1040593002015955
357,0.994575914390623,0.6355270606619547,1.0502099343191911e-08,4.10280300798844,6.214927390016286e-07,4.10280300798844
358,0.9973540594028872,0.6355829504916629,1.0417246982775697e-08,4.102177900886562,6.23149574936223e-07,4.102177900886562
359,1.0001322044151515,0.6356388643992577,1.0333003866355297e-08,4.101554859343214,6.24805333244811e-07,4.101554859343214
360,1.0029103494274159,0.6356947870044135,1.0249367965561188e-08,4.100933849769999,6.264600729877613e-07,4.100933849769999
361,1.0056884944396802,0.6357507146044443,1.0166337181464957e-08,4.100314838935411,6.28113852067202e-07,4.100314838935411
362,1.0084666394519446,0.6358066512096676,1.0083905376479264e-08,4.099697868666308,6.297665266835822e-07,4.099697868666308
363,1.0112447844642087,0.6358626154447687,1.0002065781840152e-08,4.099082994062101,6.314179146828853e-07,4.099082994062101
364,1.014022929476473,0.6359185694435603,9.920820661279251e-09,4.098470101630939,6.330682933125386e-07,4.098470101630939
365,1.0168010744887375,0.6359745296123814,9.840164037395775e-09,4.0978592317025155,6.347175211217176e-07,4.0978592317025155
366,1.0195792195010018,0.6360304816113153,9.760093727873683e-09,4.0972503535885085,6.363656511052551e-07,4.0972503535885085
367,1.022357364513266,0.6360864535827414,9.680600597894571e-09,4.096643570616018,6.380123680441377e-07,4.096643570616018
368,1.0251355095255303,0.6361424107236745,9.601686464592502e-09,4.0960387761542245,6.396579333123039e-07,4.0960387761542245
369,1.0279136545377947,0.6361983596577852,9.523347979110135e-09,4.095435961879182,6.413023380575777e-07,4.095435961879182
370,1.030691799550059,0.636254326812884,9.445574021022599e-09,4.094835274249655,6.429451465104354e-07,4.094835274249655
371,1.0334699445623232,0.6363102617048565,9.368371932917442e-09,4.0942364953929795,6.445869292778288e-07,4.0942364953929795
372,1.0362480895745876,0.6363662095156619,9.291728944037494e-09,4.093639806285126,6.462271531617223e-07,4.093639806285126
373,1.039026234586852,0.6364221359463869,9.215648001346802e-09,4.093045074932659,6.478661530794523e-07,4.093045074932659
374,1.0418043795991163,0.6364780604922453,9.140119696854482e-09,4.09245241866289,6.495035711359147e-07,4.09245241866289
375,1.0445825246113805,0.636533960697258,9.065145935554798e-09,4.091861725271566,6.511396883406417e-07,4.091861725271566
376,1.0473606696236448,0.6365898565374498,8.990719194586797e-09,4.091273075503132,6.527742468977181e-07,4.091273075503132
377,1.0501388146359092,0.6366457449501406,8.916835505634134e-09,4.090686478723516,6.544071881204136e-07,4.090686478723516
378,1.0529169596481736,0.6367015907913056,8.843499118197049e-09,4.090101771525485,6.560389407665663e-07,4.090101771525485
379,1.0556951046604377,0.6367574315858411,8.770698138537292e-09,4.089519129151128,6.576689791765047e-07,4.089519129151128
380,1.058473249672702,0.6368132624109137,8.698430158580164e-09,4.088938529553718,6.592973330089139e-07,4.088938529553718
381,1.0612513946849664,0.6368690607025239,8.62669561700409e-09,4.0883598889309924,6.609242082170314e-07,4.0883598889309924
382,1.0640295396972308,0.6369248297670931,8.555490205567086e-09,4.087783224565665,6.625495244774165e-07,4.087783224565665
383,1.066807684709495,0.6369805887574285,8.484806493115037e-09,4.087208623350031,6.641730022287199e-07,4.087208623350031
384,1.0695858297217593,0.6370363133760812,8.414645635059657e-09,4.086635985372733,6.657948944633181e-07,4.086635985372733
385,1.0723639747340237,0.6370920080812025,8.345003780084369e-09,4.086065319627009,6.674151441121457e-07,4.086065319627009
386,1.0751421197462878,0.6371476742420982,8.275876102138306e-09,4.085496657871429,6.690336287062967e-07,4.085496657871429
387,1.0779202647585522,0.6372033130382274,8.20725915927572e-09,4.084930001880706,6.70650311035031e-07,4.084930001880706
388,1.0806984097708165,0.6372589149530135,8.139150927844113e-09,4.084365321608539,6.722652459906072e-07,4.084365321608539
389,1.083476554783081,0.6373144891566753,8.071548055219981e-09,4.0838026168473425,6.738784018867082e-07,4.0838026168473425
390,1.086254699795345,0.6373700162211952,8.004448063629594e-09,4.083241868132085,6.754898050105931e-07,4.083241868132085
391,1.0890328448076094,0.6374255306236208,7.937841890294591e-09,4.082683209150628,6.770990339836031e-07,4.082683209150628
392,1.0918109898198738,0.6374809988790828,7.87173290683231e-09,4.082126485672227,6.787065052607834e-07,4.082126485672227
393,1.0945891348321382,0.6375364201688066,7.806117728257309e-09,4.081571699469947,6.803121831506097e-07,4.081571699469947
394,1.0973672798444023,0.6375917971471226,7.740992269374305e-09,4.081018869450518,6.819159810580835e-07,4.081018869450518
395,1.1001454248566667,0.63764714092695,7.676351393976747e-09,4.080468040989386,6.835177341630902e-07,4.080468040989386
396,1.102923569868931,0.6377024322190179,7.612194244498105e-09,4.079919157586156,6.851175773948006e-07,4.079919157586156
397,1.1057017148811954,0.6377576803720583,7.54851640841832e-09,4.079372248197329,6.867153936514203e-07,4.079372248197329
398,1.1084798598934595,0.6378129028477033,7.48531211537149e-09,4.078827376696669,6.883109615598305e-07,4.078827376696669
399,1.111258004905724,0.6378680527373157,7.4225855850804625e-09,4.078284361249779,6.899047887852485e-07,4.078284361249779
400,1.1140361499179883,0.63792316878905,7.360326486163077e-09,4.07774337928981,6.914963176358929e-07,4.07774337928981
401,1.1168142949302526,0.6379782311361009,7.298535604471947e-09,4.077204333455035,6.930858054117018e-07,4.077204333455035
402,1.1223705849547811,0.638088197491029,7.176345235103301e-09,4.07613206870376,6.962584778334013e-07,4.07613206870376
403,1.1251487299670455,0.6381430945221521,7.115939790466327e-09,4.07559884339901,6.978416196883463e-07,4.07559884339901
404,1.1279268749793099,0.6381979499327595,7.055988617946977e-09,4.075067593543356,6.994224770391019e-07,4.075067593543356
405,1.130705019991574,0.6382527558573692,6.996488222085883e-09,4.074538331699065,7.010009809639561e-07,4.074538331699065
406,1.1334831650038384,0.6383074797498206,6.937440894010451e-09,4.074010917745575,7.025775232923169e-07,4.074010917745575
407,1.1362613100161028,0.6383621610547394,6.878838372092579e-09,4.073485489161449,7.041516568855319e-07,4.073485489161449
408,1.1418176000406313,0.6384713289460264,6.762963851884511e-09,4.072440372999303,7.072932259097514e-07,4.072440372999303
409,1.1445957450528956,0.638525825287669,6.705683722256348e-09,4.0719207437849185,7.088604219433885e-07,4.0719207437849185
410,1.14737389006516,0.6385802571344485,6.648839105013766e-09,4.071403029869455,7.104252974252463e-07,4.071403029869455
411,1.1529301800896885,0.6386889306297995,6.536443629927936e-09,4.070373375448937,7.135478788562585e-07,4.070373375448937
412,1.1557083251019529,0.6387431657480414,6.480887710497382e-09,4.069861413075382,7.151055902376972e-07,4.069861413075382
413,1.1584864701142172,0.6387973109190931,6.425759003751267e-09,4.069351269127147,7.166611567080091e-07,4.069351269127147
414,1.1612646151264816,0.6388514224320279,6.371046135218659e-09,4.0688431850749645,7.182138025597888e-07,4.0688431850749645
415,1.1640427601387457,0.6389054490533083,6.316753516455548e-09,4.06833695393015,7.197641357465065e-07,4.06833695393015
416,1.1668209051510101,0.6389593942147896,6.2628785030143575e-09,4.067832568197133,7.213121496107003e-07,4.067832568197133
417,1.1695990501632745,0.6390132790017273,6.2094135891267934e-09,4.067330163914075,7.228573919410503e-07,4.067330163914075
418,1.1723771951755388,0.6390670939332642,6.156359383814275e-09,4.066829640986538,7.244001415890057e-07,4.066829640986538
419,1.175155340187803,0.6391208362745882,6.103711999060083e-09,4.066331031545262,7.25940268924363e-07,4.066331031545262
420,1.1779334852000674,0.6391744846590424,6.051472043759636e-09,4.0658342334114845,7.274780627337982e-07,4.0658342334114845
421,1.1807116302123317,0.6392280647847021,5.999633146810685e-09,4.065339353819909,7.290131578156628e-07,4.065339353819909
422,1.183489775224596,0.6392815826550292,5.948191359336386e-09,4.064846429762867,7.305454066754734e-07,4.064846429762867
423,1.1862679202368602,0.6393350009366562,5.897149718117362e-09,4.064355284251766,7.320753352769994e-07,4.064355284251766
424,1.1890460652491246,0.6393883409509219,5.846501635905877e-09,4.0638660348664315,7.336025448062327e-07,4.0638660348664315
425,1.191824210261389,0.6394416068182586,5.79624470791835e-09,4.063378671946592,7.351270345425066e-07,4.063378671946592
426,1.1946023552736533,0.6394947901622284,5.746376373334836e-09,4.062893191326698,7.366487879475574e-07,4.062893191326698
427,1.1973805002859175,0.6395478847607631,5.6968969144015436e-09,4.062409498105701,7.381680751868764e-07,4.062409498105701
428,1.2001586452981818,0.6396008974799705,5.647798354947938e-09,4.061927761395784,7.396843320979486e-07,4.061927761395784
429,1.2029367903104462,0.6396538396079137,5.5990805630418046e-09,4.061447900687314,7.411977811061088e-07,4.061447900687314
430,1.2057149353227106,0.6397066881723159,5.550742623158935e-09,4.060969859944135,7.427085723942306e-07,4.060969859944135
431,1.2084930803349747,0.639759438700968,5.502782500124799e-09,4.060493618448977,7.442167433119808e-07,4.060493618448977
432,1.211271225347239,0.6398121152488712,5.455194040376395e-09,4.060019292226552,7.457218927580109e-07,4.060019292226552
433,1.2140493703595034,0.6398646973309924,5.407977888754185e-09,4.059546773888488,7.472243351939202e-07,4.059546773888488
434,1.2168275153717678,0.6399171897790172,5.36113029440747e-09,4.059076101600005,7.487239189901849e-07,4.059076101600005
435,1.219605660384032,0.6399695212721924,5.3146597266691655e-09,4.058606898989869,7.502218296788886e-07,4.058606898989869
436,1.2223838053962963,0.640021914174533,5.268530086015554e-09,4.058140308834853,7.517143485490437e-07,4.058140308834853
437,1.2251619504085607,0.640074126375483,5.2227745962880964e-09,4.057675111397064,7.532053849156858e-07,4.057675111397064
438,1.227940095420825,0.6401262554158448,5.177377273984362e-09,4.057211765011205,7.546934287539475e-07,4.057211765011205
439,1.2307182404330892,0.6401782870161827,5.13233688015e-09,4.056750225128456,7.561785961694261e-07,4.056750225128456
440,1.2334963854453536,0.6402302215246997,5.087650431833596e-09,4.05629050807778,7.576608054467897e-07,4.05629050807778
441,1.236274530457618,0.6402820744593031,5.043314282971328e-09,4.055832654810475,7.591398930492254e-07,4.055832654810475
442,1.2390526754698823,0.6403338133520374,4.999329893901642e-09,4.055376524257722,7.606162915859793e-07,4.055376524257722
443,1.2418308204821464,0.6403854683677139,4.955690321595156e-09,4.054922276852015,7.620894477644989e-07,4.054922276852015
444,1.2446089654944108,0.6404370317447377,4.9123950489268975e-09,4.05446984309355,7.635595593414693e-07,4.05446984309355
445,1.2473871105066752,0.6404884768800284,4.869444071764642e-09,4.054019133092537,7.650268944128432e-07,4.054019133092537
446,1.2501652555189395,0.6405398331382688,4.82683259354464e-09,4.0535702328247645,7.664911411397974e-07,4.0535702328247645
447,1.2529434005312037,0.6405910912878321,4.784557563564547e-09,4.053123166658905,7.679521915548787e-07,4.053123166658905
448,1.255721545543468,0.6406422420450657,4.742618746277104e-09,4.052677853210751,7.694102856926788e-07,4.052677853210751
449,1.2584996905557324,0.6406932818413478,4.701013679674984e-09,4.052234294226827,7.708653903474868e-07,4.052234294226827
450,1.264055980580261,0.6407950940380416,4.618790415764531e-09,4.05135262554718,7.737658990299736e-07,4.05135262554718
451,1.2668341255925253,0.640845843554075,4.578169486221956e-09,4.05091443991517,7.752114997902208e-07,4.05091443991517
452,1.2696122706047897,0.6408964725766291,4.537873800628595e-09,4.050477971163623,7.766541256313145e-07,4.050477971163623
453,1.272390415617054,0.6409470078034671,4.497898707557364e-09,4.050043310274321,7.780934437938635e-07,4.050043310274321
454,1.2751685606293182,0.6409974354169634,4.458243464307351e-09,4.049610395168302,7.795296344957586e-07,4.049610395168302
455,1.2779467056415825,0.6410477495853849,4.418906403362943e-09,4.049179199682095,7.809627584101794e-07,4.049179199682095
456,1.280724850653847,0.6410979682595755,4.379883138737098e-09,4.048749808495574,7.823925034534674e-07,4.048749808495574
457,1.2835029956661113,0.6411480720204302,4.3411734839156216e-09,4.048322136729476,7.838191278622657e-07,4.048322136729476
458,1.2862811406783754,0.6411980632030517,4.302775287962638e-09,4.047896178793892,7.852426234758223e-07,4.047896178793892
459,1.2890592856906398,0.6412479613650546,4.2646839488659385e-09,4.047472032372706,7.866626329007427e-07,4.047472032372706
460,1.2918374307029041,0.6412977394125086,4.226900079766994e-09,4.047049578683895,7.880795309685518e-07,4.047049578683895
461,1.2946155757151685,0.6413474097475739,4.18942032647577e-09,4.046628864539005,7.894931321181805e-07,4.046628864539005
462,1.2973937207274326,0.6413969645489871,4.152243429767971e-09,4.046209848995489,7.909035487541462e-07,4.046209848995489
463,1.300171865739697,0.6414464093934601,4.11536629060299e-09,4.04579257013462,7.923106248272106e-07,4.04579257013462
464,1.3029500107519614,0.6414957307752129,4.078789007252294e-09,4.045376928043282,7.937146742228631e-07,4.045376928043282
465,1.3057281557642257,0.6415449683149617,4.0425038139256915e-09,4.044963167140454,7.951148362138072e-07,4.044963167140454
466,1.3085063007764899,0.6415940625517276,4.00651590349668e-09,4.044550964244047,7.965121887948286e-07,4.044550964244047
467,1.3112844457887542,0.6416430503373407,3.970819147494703e-09,4.044140493591871,7.979061097941262e-07,4.044140493591871
468,1.3140625908010186,0.6416919359728793,3.935410701314954e-09,4.0437317875847425,7.992964610691306e-07,4.0437317875847425
469,1.316840735813283,0.6417406926295381,3.9002916382841535e-09,4.0433247016563385,8.006837135829943e-07,4.0433247016563385
470,1.3196188808255471,0.641789344756153,3.865457273807801e-09,4.042919351743871,8.020674420969699e-07,4.042919351743871
471,1.3223970258378115,0.6342588405848155,8.966124053621992e-09,3.8909775914886393,1.5389731329726182e-06,3.8909775914886393
472,1.3251751708500759,0.6343307171062842,8.718183171583086e-09,3.894046412991246,1.518843524276968e-06,3.894046412991246
473,1.3279533158623402,0.6344082565677147,8.465246150568283e-09,3.8973613581003073,1.4973962304420478e-06,3.8973613581003073
474,1.3307314608746044,0.6344927314930365,8.20783323460195e-09,3.9009290365044516,1.474652969704642e-06,3.9009290365044516
475,1.3335096058868687,0.634585340220345,7.946592636760008e-09,3.9047539247614886,1.45065448846964e-06,3.9047539247614886
476,1.336287750899133,0.634687654075395,7.682232878148708e-09,3.9088394869265386,1.4254524781907691e-06,3.9088394869265386
477,1.3474003309481903,0.6347764494986791,7.240694869118212e-09,3.911634189381698,1.4084630867896023e-06,3.911634189381698
478,1.3501784759604547,0.634846638959645,7.271723358723186e-09,3.908945696287586,1.4247728222306998e-06,3.908945696287586
479,1.3529566209727188,0.6349251434805576,7.302793400208698e-09,3.906261955841272,1.4412411181058507e-06,3.906261955841272
480,1.3557347659849832,0.6424109989666864,3.4377153776672854e-09,4.037801266571736,8.197461109972324e-07,4.037801266571736
481,1.3585129109972476,0.6424579665813308,3.4066757161362402e-09,4.037419048064802,8.210818963334674e-07,4.037419048064802
482,1.361291056009512,0.6425048347508779,3.375890850165809e-09,4.037038548791247,8.224138325827296e-07,4.037038548791247
483,1.364069201021776,0.6425515619564899,3.3453624648057427e-09,4.036659580425015,8.237425621817015e-07,4.036659580425015
484,1.3668473460340405,0.6425981747495598,3.3150861647504017e-09,4.0362822720504,8.250676038842716e-07,4.0362822720504
485,1.3696254910463048,0.6426446385009172,3.2850630768062795e-09,4.035906461816021,8.263895089116672e-07,4.035906461816021
486,1.3779599260830977,0.6427833525562886,3.196477316632001e-09,4.034788915208758,8.303329793235027e-07,4.034788915208758
487,1.380738071095362,0.6428293383762858,3.1674386836776002e-09,4.034419603197336,8.316403003082753e-07,4.034419603197336
488,1.3835162161076264,0.6428752012962538,3.138642380474914e-09,4.034051867388963,8.329440880038006e-07,4.034051867388963
489,1.3862943611198906,0.6429209383705597,3.1100864653750146e-09,4.0336857129285315,8.342443011803438e-07,4.0336857129285315
