,Transformation parameter epsilon,RMS CML PLM,Parameter A,Parameter gamma,Inverse parameter A,Inverse parameter gamma
0,0.0,0.2959050476587195,2.8810099279891724e-06,3.412393666077258,2.8810099279891724e-06,3.412393666077258
1,0.00277814501226431,0.2971006230497256,2.9173568614754357e-06,3.407163043828305,2.9451024814212324e-06,3.407163043828305
2,0.00555629002452862,0.30016644614631177,3.070427300255486e-06,3.3928064578371027,3.1288582271415693e-06,3.3928064578371027
3,0.00833443503679293,0.3000704967806784,2.7860262586347604e-06,3.4131266035629158,2.866416898808474e-06,3.4131266035629158
4,0.01111258004905724,0.30056716789010207,3.2945825064870383e-07,3.9083022079785197,3.44082330605595e-07,3.9083022079785197
5,0.01389072506132155,0.30056554966339194,3.258943209841689e-07,3.9083068714011318,3.440759356763327e-07,3.9083068714011318
6,0.01666887007358586,0.2931683567306839,2.9848343568859e-06,3.3913665781725486,3.1584282112098385e-06,3.3913665781725486
7,0.01944701508585017,0.2972566562011906,2.978246126449271e-06,3.3892704136148235,3.1811595603534236e-06,3.3892704136148235
8,0.02222516009811448,0.2915798132533074,2.1637236222940823e-06,3.461463259121795,2.3367526562430146e-06,3.461463259121795
9,0.02500330511037879,0.29402244010949335,2.041971098972916e-06,3.4723452375910764,2.227178802978886e-06,3.4723452375910764
10,0.0277814501226431,0.2965012593524259,1.7873143532365188e-06,3.500589623905105,1.9698661334932424e-06,3.500589623905105
11,0.03055959513490741,0.30055580943894294,3.053111310478056e-07,3.9083307272483,3.440435895421677e-07,3.9083307272483
12,0.03333774014717172,0.3005541836475303,3.020100674300831e-07,3.90833407010769,3.440391222294205e-07,3.90833407010769
13,0.03611588515943603,0.3005525576823297,2.987449276596636e-07,3.9083372268197207,3.4403492659010776e-07,3.9083372268197207
14,0.03889403017170034,0.3005509313075373,2.955153090278001e-07,3.908340205028991,3.440309913883228e-07,3.908340205028991
15,0.04167217518396465,0.3005493039079021,2.923208154039819e-07,3.9083430108490362,3.440273075637087e-07,3.9083430108490362
16,0.04445032019622896,0.30054767707444713,2.8916105434569055e-07,3.908345651147362,3.4402386500885205e-07,3.908345651147362
17,0.04722846520849327,0.3005460523595234,2.86035612422943e-07,3.9083481533054427,3.4402062322450266e-07,3.9083481533054427
18,0.05000661022075758,0.30054442483860117,2.829441919739474e-07,3.9083504552568398,3.4401767419008744e-07,3.9083504552568398
19,0.05278475523302189,0.30054279577174253,2.7988640187200154e-07,3.9083525720791634,3.440149952028156e-07,3.9083525720791634
20,0.0555629002452862,0.30054116617767324,2.7686184159307385e-07,3.9083545313357004,3.440125460891078e-07,3.9083545313357004
21,0.05834104525755051,0.30053953929402993,2.738701356623671e-07,3.908356343428729,3.440103110520608e-07,3.908356343428729
22,0.06111919026981482,0.29512173827120913,2.338704165681186e-06,3.412472246455449,2.881078033081979e-06,3.412472246455449
23,0.06389733528207912,0.29792814455611744,2.278261334971772e-06,3.415993552618154,2.8339895815660515e-06,3.415993552618154
24,0.06667548029434343,0.2976161648793306,2.2134888155329902e-06,3.420446763651179,2.7804974516087576e-06,3.420446763651179
25,0.06945362530660774,0.2963948526035764,2.3194912663589546e-06,3.407729207171191,2.9388755064648434e-06,3.407729207171191
26,0.07223177031887205,0.2966144550080594,2.328602489019175e-06,3.4046527508583493,2.9778226914800063e-06,3.4046527508583493
27,0.07500991533113636,0.3005297823948247,2.565902247964399e-07,3.908363968027461,3.440016337644546e-07,3.908363968027461
28,0.07778806034340068,0.2922406179619892,1.6153272615971567e-06,3.4842016518088084,2.118200406309047e-06,3.4842016518088084
29,0.08056620535566499,0.2933794168214301,1.623951389710419e-06,3.4806528988246406,2.1496075811077104e-06,3.4806528988246406
30,0.0833443503679293,0.2932218274458224,2.268767475330251e-06,3.4023233129862827,3.0125929342628366e-06,3.4023233129862827
31,0.0861224953801936,0.29377707408581943,2.147224603772189e-06,3.4126363118491034,2.880837012514964e-06,3.4126363118491034
32,0.08890064039245792,0.29765590189007224,2.3371396627149294e-06,3.390821183010289,3.1593742629449595e-06,3.390821183010289
33,0.09167878540472223,0.29814590249977774,2.210312302178045e-06,3.4012974803790437,3.0191056361304157e-06,3.4012974803790437
34,0.09445693041698654,0.3005184261637216,2.378101582276159e-07,3.908366249912381,3.440011429104937e-07,3.908366249912381
35,0.09723507542925085,0.30051680788103036,2.3524248153252197e-07,3.9083660304868966,3.440018668523727e-07,3.9083660304868966
36,0.10001322044151516,0.30051519126641985,2.3270266713537087e-07,3.908365673853558,3.440027906304081e-07,3.908365673853558
37,0.10279136545377947,0.3005135781733531,2.3019037741768769e-07,3.9083652135694256,3.4400386454172437e-07,3.9083652135694256
38,0.10556951046604378,0.3005119589426695,2.2770539751514635e-07,3.9083645657807464,3.440052129638408e-07,3.9083645657807464
39,0.10834765547830809,0.3005103442753161,2.2524733837278946e-07,3.9083638215097385,3.4400670102600705e-07,3.9083638215097385
40,0.1111258004905724,0.3005087315728416,2.2281593564355605e-07,3.9083629521443357,3.4400837107325415e-07,3.9083629521443357
41,0.11390394550283671,0.3005071152611755,2.2041093497763373e-07,3.9083619210562404,3.440102775567134e-07,3.9083619210562404
42,0.12501652555189394,0.3005006857603643,2.1104865988665125e-07,3.9083567974866282,3.440193514147476e-07,3.9083567974866282
43,0.12779467056415825,0.3004990801257832,2.087711944638602e-07,3.9083551978265696,3.4402208431293317e-07,3.9083551978265696
44,0.13057281557642256,0.30049747836380825,2.0651839531276546e-07,3.90835350025508,3.440249592317501e-07,3.90835350025508
45,0.13335096058868687,0.30049587647174025,2.0429000397801693e-07,3.9083516942723207,3.4402799167857706e-07,3.9083516942723207
46,0.1389072506132155,0.3004926828180128,1.9990536439524292e-07,3.9083477818586347,3.4403449254000704e-07,3.9083477818586347
47,0.1416853956254798,0.3004910835273314,1.9774863181401236e-07,3.9083456332103945,3.4403802365311135e-07,3.9083456332103945
48,0.1444635406377441,0.30048948917101953,1.9561525222786452e-07,3.9083433882643117,3.440416945385391e-07,3.9083433882643117
49,0.14724168565000842,0.3004878970385407,1.9350496783034e-07,3.908341051880336,3.440454980001947e-07,3.908341051880336
50,0.15557612068680135,0.30048313144176264,1.8731026138200008e-07,3.908333411192293,3.44057826735784e-07,3.908333411192293
51,0.15835426569906566,0.300481548263441,1.8528990704876675e-07,3.908330672705225,3.440622146036621e-07,3.908330672705225
52,0.16113241071132997,0.300479966735663,1.8329143046376186e-07,3.9083278308341693,3.4406675286004253e-07,3.9083278308341693
53,0.16391055572359428,0.3004783880048163,1.8131457344530983e-07,3.9083249109047067,3.4407140402225224e-07,3.9083249109047067
54,0.1666887007358586,0.30047680903106483,1.7935913847430736e-07,3.9083218669075332,3.440762363210591e-07,3.9083218669075332
55,0.1694668457481229,0.30047523250860214,1.774248549490135e-07,3.90831874613878,3.4408117967601364e-07,3.90831874613878
56,0.1722449907603872,0.30047365327525877,1.7551155901421039e-07,3.9083154653865826,3.440863575610909e-07,3.9083154653865826
57,0.17502313577265152,0.30047208654082674,1.7361887178696137e-07,3.9083122173401077,3.4409148425737624e-07,3.9083122173401077
58,0.17780128078491583,0.300470519871699,1.7174669074415897e-07,3.9083088470963077,3.4409678920582923e-07,3.9083088470963077
59,0.18057942579718014,0.3004689543859684,1.6989477470920579e-07,3.908305378717687,3.4410223715087343e-07,3.908305378717687
60,0.18335757080944445,0.30046739128995953,1.6806289815969717e-07,3.908301819406501,3.4410781733063603e-07,3.908301819406501
61,0.18613571582170876,0.30046581851938875,1.6625092408736455e-07,3.9082980614395093,3.441136894126399e-07,3.9082980614395093
62,0.18891386083397307,0.30046426804768206,1.6445840182251735e-07,3.9082944200150584,3.441193861509271e-07,3.9082944200150584
63,0.19169200584623738,0.300462712325457,1.6268533511103668e-07,3.9082906058361018,3.441253364948319e-07,3.9082906058361018
64,0.1944701508585017,0.3004611597832801,1.6093143080113204e-07,3.908286730466442,3.441313750535924e-07,3.908286730466442
65,0.197248295870766,0.30045961059336845,1.591964920842862e-07,3.9082827790220764,3.44137523969521e-07,3.9082827790220764
66,0.20002644088303032,0.300458049238913,1.574804190024277e-07,3.908278602600175,3.441440038427372e-07,3.908278602600175
67,0.20280458589529463,0.3004565136619052,1.5578273312059086e-07,3.9082745882876284,3.441502411400275e-07,3.9082745882876284
68,0.20558273090755894,0.3004549711469534,1.541034777526461e-07,3.90827039183335,3.4415674597741867e-07,3.90827039183335
69,0.20836087591982325,0.30045343066538166,1.5244237685875622e-07,3.9082661220236887,3.441633572871814e-07,3.9082661220236887
70,0.21113902093208756,0.30045189330337974,1.5079923319333265e-07,3.9082617795290413,3.4417007398345776e-07,3.9082617795290413
71,0.21391716594435187,0.30045035822684985,1.491738511235481e-07,3.908257365959683,3.441768937943935e-07,3.908257365959683
72,0.21669531095661618,0.3004488250903546,1.475660403879821e-07,3.9082528779844132,3.441838215815683e-07,3.9082528779844132
73,0.2194734559688805,0.30044729724233077,1.4597560226434262e-07,3.908248328222123,3.4419083874598153e-07,3.908248328222123
74,0.2222516009811448,0.30044577249443233,1.444023447327628e-07,3.9082437226326547,3.441979364206863e-07,3.9082437226326547
75,0.2250297459934091,0.30044424655773666,1.4284611128037255e-07,3.908239015821574,3.4420518201893757e-07,3.908239015821574
76,0.22780789100567342,0.3004427252370028,1.413066961119373e-07,3.9082342404732002,3.442125270413046e-07,3.9082342404732002
77,0.23058603601793773,0.3004412080573738,1.3978389956761836e-07,3.9082294241741873,3.442199306331255e-07,3.9082294241741873
78,0.23614232604246635,0.30043814740478725,1.367877264539591e-07,3.908219216544096,3.442355835007006e-07,3.908219216544096
79,0.23892047105473066,0.30043667563444476,1.3531350987350263e-07,3.908214607515903,3.442426740383657e-07,3.908214607515903
80,0.24169861606699497,0.3004351705106411,1.3385545846470726e-07,3.908209547511312,3.4425043062962246e-07,3.908209547511312
81,0.2528111961160522,0.3004277671389158,1.2819082499777825e-07,3.9081684908142824,3.4431217276497423e-07,3.9081684908142824
82,0.2555893411283165,0.3004071682928205,1.2697082812689942e-07,3.907883607166799,3.4473319039081033e-07,3.907883607166799
83,0.2583674861405808,0.30042620966915157,1.254319717312976e-07,3.9081779745558887,3.4429872678746135e-07,3.9081779745558887
84,0.2611456311528451,0.30042472921526214,1.2408063354094987e-07,3.9081725322124106,3.4430703652985536e-07,3.9081725322124106
85,0.2639237761651094,0.3004232481193343,1.22743902731681e-07,3.908167008297776,3.443154654643752e-07,3.908167008297776
86,0.26948006618963805,0.30042030147094156,1.201135560011691e-07,3.908155853136941,3.4433247693037437e-07,3.908155853136941
87,0.27225821120190236,0.30041883083535614,1.1881965202608255e-07,3.908150181563184,3.4434111929118257e-07,3.908150181563184
88,0.27503635621416667,0.3004173663669674,1.1753969957729029e-07,3.9081444912059435,3.4434978777418627e-07,3.9081444912059435
89,0.2805926462386953,0.3004144471439634,1.1502109785782284e-07,3.9081329608532105,3.4436734139217323e-07,3.9081329608532105
90,0.2833707912509596,0.30041299014564377,1.1378215970164836e-07,3.9081271048525337,3.4437625029999426e-07,3.9081271048525337
91,0.2889270812754882,0.2889160297979212,8.408746119742638e-07,3.4665253925564046,2.289332613064256e-06,3.4665253925564046
92,0.29170522628775253,0.29088486134290514,9.907285027102966e-07,3.4285586572451563,2.6934253120876356e-06,3.4285586572451563
93,0.29448337130001684,0.30040720745366734,1.0895863559978984e-07,3.9081033260689817,3.444123953824142e-07,3.9081033260689817
94,0.29726151631228115,0.3004057694627952,1.0778511282984518e-07,3.9080972695565905,3.444215934273679e-07,3.9080972695565905
95,0.30281780633680977,0.3004029045262409,1.0547591761607848e-07,3.908085033585057,3.444401669972444e-07,3.908085033585057
96,0.3055959513490741,0.30040148149621837,1.0433994511008737e-07,3.9080789121121815,3.444494566585558e-07,3.9080789121121815
97,0.3083740963613384,0.3004000608521386,1.0321623970872228e-07,3.908072728151123,3.444588373931278e-07,3.908072728151123
98,0.3111522413736027,0.3003986401498778,1.0210466901883154e-07,3.908066481044531,3.444683104019163e-07,3.908066481044531
99,0.313930386385867,0.3003972179024748,1.0100511621283584e-07,3.9080601396342547,3.444779218168096e-07,3.9080601396342547
100,0.3167085313981313,0.3003958123657098,9.991736300177532e-08,3.9080538941503415,3.4448738924380095e-07,3.9080538941503415
101,0.31948667641039563,0.30039439306871574,9.884142120421809e-08,3.908047442924597,3.444971607095792e-07,3.908047442924597
102,0.32226482142265994,0.3003930009416158,9.777697908500699e-08,3.9080411890906954,3.445066375850188e-07,3.9080411890906954
103,0.32504296643492425,0.3003915996407205,9.672407562363617e-08,3.9080347733110887,3.445163534544916e-07,3.9080347733110887
104,0.32782111144718856,0.30039020288921037,9.568252454687004e-08,3.9080283319227527,3.445261058392822e-07,3.9080283319227527
105,0.3305992564594529,0.30038881068855605,9.465219963876699e-08,3.908021873362716,3.445358823031487e-07,3.908021873362716
106,0.3333774014717172,0.3003874232539275,9.363298754873647e-08,3.908015379800662,3.445457093100019e-07,3.908015379800662
107,0.3361555464839815,0.3003860354826139,9.262477743219363e-08,3.9080088299524345,3.4455561855917213e-07,3.9080088299524345
108,0.3389336914962458,0.30038465628099703,9.162741710053812e-08,3.9080023016619854,3.445654943809264e-07,3.9080023016619854
109,0.3417118365085101,0.3003832774778317,9.064082577876089e-08,3.9079957097414515,3.4457546334150207e-07,3.9079957097414515
110,0.3444899815207744,0.30038190602895737,8.966485790770222e-08,3.9079891237091684,3.4458542221671127e-07,3.9079891237091684
111,0.34726812653303873,0.30038053418189814,8.869943372384376e-08,3.907982459669074,3.445954955290143e-07,3.907982459669074
112,0.35004627154530304,0.30037916791616287,8.774440204965298e-08,3.9079758081362317,3.4460554908285397e-07,3.9079758081362317
113,0.35282441655756736,0.30037780775030587,8.6799662293279e-08,3.9079691411788438,3.446156242066325e-07,3.9079691411788438
114,0.35560256156983167,0.3003764479461344,8.586511953298961e-08,3.9079624187042885,3.44625780509148e-07,3.9079624187042885
115,0.358380706582096,0.3003750949296097,8.494063949506305e-08,3.907955701159089,3.44635928153272e-07,3.907955701159089
116,0.3611588515943603,0.3003737413056904,8.402614325789924e-08,3.9079489136269685,3.4464617857146106e-07,3.9079489136269685
117,0.3639369966066246,0.30037239816081607,8.312147842782552e-08,3.90794217021786,3.4465636240469434e-07,3.90794217021786
118,0.3667151416188889,0.3003710566718628,8.222657398018645e-08,3.907935380753191,3.446666130494911e-07,3.907935380753191
119,0.3694932866311532,0.30036971688200204,8.134132469886037e-08,3.907928544873354,3.446769316330075e-07,3.907928544873354
120,0.3722714316434175,0.3003683814749152,8.0465611779213e-08,3.9079217008498857,3.4468726118919044e-07,3.9079217008498857
121,0.37504957665568184,0.3003670496591346,7.959933967767731e-08,3.9079148291792767,3.4469763056677943e-07,3.9079148291792767
122,0.37782772166794615,0.30036572553811597,7.874238914604637e-08,3.9079079769173055,3.4470796995412323e-07,3.9079079769173055
123,0.38060586668021046,0.3003644027222827,7.789468647174056e-08,3.90790107140791,3.4471838734193667e-07,3.90790107140791
124,0.38338401169247477,0.30036308695036573,7.705610653312574e-08,3.9078941820454403,3.447287795309479e-07,3.9078941820454403
125,0.3861621567047391,0.30036177050678725,7.622658071159378e-08,3.9078872264878375,3.4473926912284916e-07,3.9078872264878375
126,0.3889403017170034,0.30036046112225184,7.540597801904833e-08,3.907880297663735,3.447497177592231e-07,3.907880297663735
127,0.3917184467292677,0.3003591578210913,7.459421210416455e-08,3.9078733683867792,3.447601660242751e-07,3.9078733683867792
128,0.394496591741532,0.3003578501506294,7.379122402699127e-08,3.9078663341426245,3.447707690686307e-07,3.9078663341426245
129,0.3972747367537963,0.30035655256072485,7.29968610760492e-08,3.9078593623617883,3.4478127853348975e-07,3.9078593623617883
130,0.40005288176606063,0.300355254336963,7.221107321676358e-08,3.9078523279592225,3.4479187982081076e-07,3.9078523279592225
131,0.40283102677832494,0.3003539650953711,7.14337382206902e-08,3.9078453185558035,3.448024429910112e-07,3.9078453185558035
132,0.40560917179058925,0.30035268062870546,7.066477354054097e-08,3.907838309156016,3.4481300520587646e-07,3.907838309156016
133,0.40838731680285356,0.3003513969414392,6.990410512468093e-08,3.907831250786761,3.44823639018783e-07,3.907831250786761
134,0.41116546181511787,0.300350121499452,6.915161531840327e-08,3.9078242294451444,3.448342171224385e-07,3.9078242294451444
135,0.4139436068273822,0.300348846092024,6.840725157587426e-08,3.907817135394076,3.448449018338393e-07,3.907817135394076
136,0.4167217518396465,0.3003475786379026,6.767089050257037e-08,3.90781007980781,3.448555287080185e-07,3.90781007980781
137,0.4194998968519108,0.3003463140040935,6.694246419674995e-08,3.9078030054683004,3.4486618245276554e-07,3.9078030054683004
138,0.4222780418641751,0.3003450523385458,6.62218901398572e-08,3.9077959026538784,3.4487687760464113e-07,3.9077959026538784
139,0.4250561868764394,0.3003437961901739,6.55090702987253e-08,3.907788814122874,3.4488755050867994e-07,3.907788814122874
140,0.42783433188870373,0.3003425372925031,6.480394740261986e-08,3.9077816548807314,3.448983278426333e-07,3.9077816548807314
141,0.43061247690096804,0.30034129033896223,6.410640309645542e-08,3.907774539955622,3.4490903826298514e-07,3.907774539955622
142,0.43339062191323235,0.30034004867390685,6.341636193575751e-08,3.907767449728468,3.4491971098824107e-07,3.907767449728468
143,0.43616876692549666,0.30033880838506644,6.273376065290114e-08,3.9077603259115126,3.449304329019206e-07,3.9077603259115126
144,0.438946911937761,0.30033756069034634,6.205854830648844e-08,3.907753068689192,3.4494135224524907e-07,3.907753068689192
145,0.4417250569500253,0.3003363399205518,6.139053895664805e-08,3.907746040021753,3.449519309351263e-07,3.907746040021753
146,0.4445032019622896,0.30033510926475854,6.072976331458837e-08,3.907738869483701,3.4496271974438156e-07,3.907738869483701
147,0.4472813469745539,0.30033388288139756,6.007610417961712e-08,3.907731691663635,3.4497351850703016e-07,3.907731691663635
148,0.4500594919868182,0.3003326623216882,5.9429477396903505e-08,3.907724532997675,3.449842879755892e-07,3.907724532997675
149,0.4528376369990825,0.30033144572845344,5.8789817013364853e-08,3.9077173589337186,3.4499507954533233e-07,3.9077173589337186
150,0.45561578201134684,0.30033023581429713,5.815703595266409e-08,3.9077102126056924,3.4500582903480167e-07,3.9077102126056924
151,0.45839392702361115,0.3003290245267615,5.753108405754216e-08,3.9077030074158676,3.450166653587386e-07,3.9077030074158676
152,0.46117207203587546,0.3003278206544833,5.691186511645125e-08,3.9076958255510257,3.450274661603748e-07,3.9076958255510257
153,0.46395021704813977,0.3003266194760464,5.629931942873029e-08,3.907688619818847,3.4503830163271445e-07,3.907688619818847
154,0.4667283620604041,0.3003254236608267,5.569336018654467e-08,3.90768144595166,3.450490889929568e-07,3.90768144595166
155,0.4695065070726684,0.3003242306782576,5.509393132010419e-08,3.9076742481836217,3.4505991125086325e-07,3.9076742481836217
156,0.4722846520849327,0.3003230467819665,5.4500947974800925e-08,3.9076670815330083,3.4507068621225783e-07,3.9076670815330083
157,0.475062797097197,0.3003218587227035,5.3914366279663756e-08,3.9076598480505136,3.450815602869967e-07,3.9076598480505136
158,0.4778409421094613,0.3003206871356181,5.333406980543491e-08,3.9076527319260084,3.450922588307004e-07,3.9076527319260084
159,0.48061908712172563,0.30031951209529484,5.276004122512151e-08,3.9076455364816667,3.4510307473554104e-07,3.9076455364816667
160,0.48339723213398994,0.3003183287929874,5.21922229061978e-08,3.9076382206347895,3.4511406906460965e-07,3.9076382206347895
161,0.48617537714625425,0.30031717015872206,5.163046601947877e-08,3.90763111281209,3.4512475315214193e-07,3.90763111281209
162,0.48895352215851856,0.30031599724954516,5.1074803001593936e-08,3.9076238185740277,3.4513571380107886e-07,3.9076238185740277
163,0.49173166717078287,0.3003148543629076,5.052505839543909e-08,3.907616787050997,3.4514628319417183e-07,3.907616787050997
164,0.4945098121830472,0.3003136988427397,4.998127279777259e-08,3.9076095888627207,3.4515709979062554e-07,3.9076095888627207
165,0.4972879571953115,0.3003125459637942,4.94433428178829e-08,3.907602385661665,3.4516792315284804e-07,3.907602385661665
166,0.5000661022075757,0.30031140269448725,4.89111942751664e-08,3.907595224588547,3.451786831154245e-07,3.907595224588547
167,0.5028442472198401,0.30031025971819314,4.838477950635275e-08,3.9075880440168116,3.451894717283036e-07,3.9075880440168116
168,0.5056223922321044,0.3003091202617317,4.786403432826553e-08,3.907580853748375,3.4520027381105716e-07,3.907580853748375
169,0.5084005372443687,0.3003079902322183,4.734888451874584e-08,3.9075737116074047,3.452110038528295e-07,3.9075737116074047
170,0.511178682256633,0.30030685463691686,4.683930166712098e-08,3.9075664773574,3.452218702294169e-07,3.9075664773574
171,0.5139568272688974,0.3003057314240635,4.633518309444162e-08,3.9075593405178917,3.452325913096618e-07,3.9075593405178917
172,0.5167349722811616,0.30030461276918524,4.5836492030790844e-08,3.9075522029725547,3.452433126068256e-07,3.9075522029725547
173,0.519513117293426,0.3003034883972399,4.5343187394482065e-08,3.907544985672372,3.452541522169739e-07,3.907544985672372
174,0.5222912623056902,0.3003023832283339,4.485516545248601e-08,3.9075378976926762,3.4526479856616847e-07,3.9075378976926762
175,0.5250694073179546,0.3003012746031124,4.437240848652962e-08,3.9075307592766206,3.4527551952626345e-07,3.9075307592766206
176,0.5278475523302188,0.30030016951972255,4.389485072164923e-08,3.907523612057084,3.452862530063403e-07,3.907523612057084
177,0.5306256973424832,0.30029906657380034,4.342243514337508e-08,3.907516460744345,3.452969920325407e-07,3.907516460744345
178,0.5334038423547475,0.30029797218152937,4.295509712438201e-08,3.9075093497240125,3.453076705601297e-07,3.9075093497240125
179,0.5361819873670118,0.30029687896634905,4.249279361933558e-08,3.9075022232959755,3.4531837148013204e-07,3.9075022232959755
180,0.5389601323792761,0.30029579171393345,4.2035463485109425e-08,3.907495115136181,3.453290446900216e-07,3.907495115136181
181,0.5417382773915405,0.30029470526159263,4.158306098147683e-08,3.907487986795307,3.453397473178432e-07,3.907487986795307
182,0.5445164224038047,0.3002936264489324,4.113552163774798e-08,3.907480895184873,3.45350395004578e-07,3.907480895184873
183,0.5472945674160691,0.3002925503093918,4.069280222323941e-08,3.9074737945228954,3.4536105544690737e-07,3.9074737945228954
184,0.5500727124283333,0.3002914740031425,4.025485231882799e-08,3.9074666772050075,3.45371740267152e-07,3.9074666772050075
185,0.5528508574405977,0.3002904083364495,3.982160490525544e-08,3.9074596237039634,3.453823296118361e-07,3.9074596237039634
186,0.555629002452862,0.30028934667351764,3.939302136146534e-08,3.907452572564712,3.4539291492521624e-07,3.907452572564712
187,0.5584071474651263,0.30028828553801784,3.89690557604171e-08,3.9074455011646494,3.454035298732427e-07,3.9074455011646494
188,0.5611852924773906,0.30028722886550546,3.8549653149488566e-08,3.907438436956098,3.4541413368332385e-07,3.907438436956098
189,0.5639634374896549,0.3002861796189414,3.813475771562511e-08,3.9074314159767534,3.4542467268546203e-07,3.9074314159767534
190,0.5667415825019192,0.30028513116189964,3.772433318301031e-08,3.9074243724270987,3.454352448214463e-07,3.9074243724270987
191,0.5695197275141836,0.300284086113807,3.73183260398309e-08,3.9074173353833928,3.4544580692982935e-07,3.9074173353833928
192,0.5722978725264478,0.3002830498697027,3.691667960887598e-08,3.907410355359593,3.4545628357204596e-07,3.907410355359593
193,0.5750760175387122,0.3002820138590226,3.651936259855408e-08,3.907403345726642,3.454668038317357e-07,3.907403345726642
194,0.5778541625509764,0.3002809825533664,3.612632115745785e-08,3.9073963468195143,3.4547730766089414e-07,3.9073963468195143
195,0.5806323075632408,0.3002799529586628,3.5737513965214834e-08,3.907389331868347,3.4548783499448665e-07,3.907389331868347
196,0.5834104525755051,0.30027893038244735,3.5352883620519084e-08,3.907382368783551,3.454982847311367e-07,3.907382368783551
197,0.5861885975877694,0.30027790901351065,3.497239668392458e-08,3.907375391210524,3.45508755692472e-07,3.907375391210524
198,0.5889667426000337,0.300276885520075,3.459601680375573e-08,3.907368349924019,3.4551932094978006e-07,3.907368349924019
199,0.591744887612298,0.30027588328817695,3.422365604541122e-08,3.9073615043242973,3.455295944548552e-07,3.9073615043242973
200,0.5945230326245623,0.3002748743138204,3.385532085592379e-08,3.9073545588109346,3.4554001636022195e-07,3.9073545588109346
201,0.5973011776368267,0.30027387460371235,3.349094066330564e-08,3.9073476769786097,3.455503430125201e-07,3.9073476769786097
202,0.6000793226490909,0.30027287658510243,3.313048568977851e-08,3.9073407813764054,3.455606898356455e-07,3.9073407813764054
203,0.6028574676613553,0.3002718798327035,3.2773912474403306e-08,3.907333879052797,3.455710462378754e-07,3.907333879052797
204,0.6056356126736195,0.3002708885093752,3.242117440237618e-08,3.9073270000968727,3.455813674670309e-07,3.9073270000968727
205,0.6084137576858839,0.3002698991200277,3.207223478405304e-08,3.9073201157629214,3.455916963778651e-07,3.9073201157629214
206,0.6111919026981482,0.30026891657001636,3.172704580369354e-08,3.9073132701335265,3.4560196720921625e-07,3.9073132701335265
207,0.6139700477104125,0.30026793760154386,3.138557240981561e-08,3.907306429490438,3.4561223028544505e-07,3.907306429490438
208,0.6167481927226768,0.30026695885592847,3.1047778462157465e-08,3.907299568547288,3.456225231766306e-07,3.907299568547288
209,0.6195263377349411,0.3002659903016891,3.0713609620924944e-08,3.9072927842131886,3.4563270174212846e-07,3.9072927842131886
210,0.6223044827472054,0.30026502157823776,3.0383043809114444e-08,3.9072859646880556,3.4564293228094533e-07,3.9072859646880556
211,0.6250826277594698,0.300264058619687,3.005603137868874e-08,3.9072791824494133,3.4565310693830527e-07,3.9072791824494133
212,0.627860772771734,0.30026309870168705,2.9732538430797116e-08,3.907272408559307,3.4566326894476184e-07,3.907272408559307
213,0.6306389177839984,0.3002621418243045,2.941252732464464e-08,3.907265641195061,3.456734207012674e-07,3.907265641195061
214,0.6334170627962626,0.30026118949997915,2.9095959243681345e-08,3.907258889803486,3.4568354837868685e-07,3.907258889803486
215,0.636195207808527,0.30026024024413245,2.878279920901774e-08,3.9072521399708355,3.4569367348925624e-07,3.9072521399708355
216,0.6389733528207913,0.30025929760328957,2.84730044282426e-08,3.9072454348539956,3.4570373158044983e-07,3.9072454348539956
217,0.6417514978330556,0.30025835747714485,2.8166545039158995e-08,3.9072387296758175,3.4571378948143497e-07,3.9072387296758175
218,0.6445296428453199,0.3002574224040136,2.7863381705622453e-08,3.907232049165701,3.4572381033073657e-07,3.907232049165701
219,0.6473077878575842,0.30025648462381493,2.756348810534312e-08,3.9072253267780996,3.457338934677359e-07,3.9072253267780996
220,0.6500859328698485,0.30025555903116374,2.7266810559747913e-08,3.9072186978287298,3.4574383662508116e-07,3.9072186978287298
221,0.6528640778821129,0.3002546340684133,2.6973329491439094e-08,3.907212052116255,3.457538047051947e-07,3.907212052116255
222,0.6556422228943771,0.30025371277966884,2.668300646418241e-08,3.90720541948991,3.4576375308728797e-07,3.90720541948991
223,0.6584203679066415,0.3002527933796211,2.6395809726258366e-08,3.9071987828268457,3.457737070206395e-07,3.9071987828268457
224,0.6611985129189057,0.30025188100476113,2.6111700177605454e-08,3.9071921840007233,3.457836042980695e-07,3.9071921840007233
225,0.6639766579311701,0.3002509742832919,2.5830645136789287e-08,3.9071856193717736,3.457934503588401e-07,3.9071856193717736
226,0.6667548029434344,0.30025006692205813,2.5552617879218003e-08,3.9071790411323555,3.458033165189759e-07,3.9071790411323555
227,0.6695329479556987,0.3002491630135566,2.5277581995516442e-08,3.9071724791490277,3.4581315817524224e-07,3.9071724791490277
228,0.672311092967963,0.30024826629170204,2.5005501792355785e-08,3.9071659615651186,3.458229332233165e-07,3.9071659615651186
229,0.6750892379802274,0.30024736582126255,2.4736358474214597e-08,3.907159383722301,3.4583279794632517e-07,3.907159383722301
230,0.6778673829924916,0.3002464793752422,2.447009861351379e-08,3.907152922916998,3.45842487937758e-07,3.907152922916998
231,0.680645528004756,0.30024558462159107,2.420671863893724e-08,3.907146354053624,3.458523387973974e-07,3.907146354053624
232,0.6834236730170202,0.30024471114259016,2.3946152109078825e-08,3.9071399710793835,3.458619121179085e-07,3.9071399710793835
233,0.6862018180292846,0.30024382866191657,2.3688402503874743e-08,3.9071334925033967,3.4587162783069224e-07,3.9071334925033967
234,0.6889799630415488,0.300242953904824,2.343342161074133e-08,3.907127068904762,3.458812613416713e-07,3.907127068904762
235,0.6917581080538132,0.30024205886577593,2.318121159653128e-08,3.9071204256347154,3.45891222285223e-07,3.9071204256347154
236,0.6945362530660775,0.3002412115203821,2.293166690952961e-08,3.9071142176686022,3.459005336895287e-07,3.9071142176686022
237,0.6973143980783418,0.30024034738079797,2.2684828639526183e-08,3.907107839631143,3.459100985777845e-07,3.907107839631143
238,0.7000925430906061,0.3002394859077283,2.244064938574811e-08,3.90710145025709,3.4591968001281706e-07,3.90710145025709
239,0.7028706881028705,0.3002386291181751,2.219909518985294e-08,3.907095097275021,3.459292070905061e-07,3.907095097275021
240,0.7056488331151347,0.30023777628329495,2.1960139285195935e-08,3.907088767641343,3.459386990764686e-07,3.907088767641343
241,0.7084269781273991,0.3002369261733104,2.1723755517184955e-08,3.9070824450846464,3.4594818030365915e-07,3.9070824450846464
242,0.7112051231396633,0.3002360694344899,2.1489926525624273e-08,3.9070760338995782,3.4595779347857854e-07,3.9070760338995782
243,0.7139832681519276,0.30023523871562857,2.1258590270706648e-08,3.9070698554712098,3.4596705924271723e-07,3.9070698554712098
244,0.716761413164192,0.3002343978567034,2.1029756385556264e-08,3.90706356954001,3.459764852123904e-07,3.90706356954001
245,0.7195395581764562,0.3002335627053692,2.080338192097025e-08,3.9070573267668434,3.4598584662632767e-07,3.9070573267668434
246,0.7223177031887206,0.30023273280148866,2.057944299550253e-08,3.907051102776857,3.4599517971739777e-07,3.907051102776857
247,0.7250958482009848,0.3002319041613199,2.0357914756246843e-08,3.9070448846716213,3.4600450402819903e-07,3.9070448846716213
248,0.7278739932132492,0.3002310767569458,2.013877288246461e-08,3.907038656162541,3.460138434963957e-07,3.907038656162541
249,0.7306521382255134,0.30023025529793235,1.9921985734075025e-08,3.907032476256206,3.460231102740789e-07,3.907032476256206
250,0.7334302832377778,0.3002294344932776,1.9707534347078898e-08,3.9070262815995065,3.4603239890386653e-07,3.9070262815995065
251,0.7362084282500421,0.30022862561511804,1.94953827637576e-08,3.907020181623003,3.46041546085432e-07,3.907020181623003
252,0.7389865732623064,0.30022781440496377,1.928551910338251e-08,3.9070140458711715,3.460507464046028e-07,3.9070140458711715
253,0.7417647182745707,0.30022700675966685,1.907791392709843e-08,3.907007923441265,3.4605992673252416e-07,3.907007923441265
254,0.744542863286835,0.3002262070995614,1.887253795183233e-08,3.907001866483112,3.4606900913147945e-07,3.907001866483112
255,0.7473210082990993,0.3002253973780902,1.866938373138397e-08,3.9069957010856866,3.4607825336076965e-07,3.9069957010856866
256,0.7500991533113637,0.3002246080119322,1.8468400662078703e-08,3.9069897101551962,3.4608723685913655e-07,3.9069897101551962
257,0.7528772983236279,0.30022381454580555,1.8269587647001397e-08,3.9069836564531366,3.4609631384982723e-07,3.9069836564531366
258,0.7556554433358923,0.3002230280657933,1.8072909648433142e-08,3.906977666122846,3.4610529618055757e-07,3.906977666122846
259,0.7584335883481566,0.3002222407320224,1.7878352005946366e-08,3.906971648403251,3.46114319159031e-07,3.906971648403251
260,0.7612117333604209,0.3002214517600581,1.7685891324961218e-08,3.906965609082495,3.461233744000195e-07,3.906965609082495
261,0.7639898783726852,0.30022068072671954,1.7495490072317092e-08,3.906959715811919,3.4613221129950997e-07,3.906959715811919
262,0.7667680233849495,0.30021989359468026,1.7307153788156163e-08,3.9069536563111282,3.4614129622963205e-07,3.9069536563111282
263,0.7695461683972138,0.3002191375736261,1.7120820892447254e-08,3.9069478793351653,3.461499593049525e-07,3.9069478793351653
264,0.7723243134094782,0.3002183651141762,1.6936508837088665e-08,3.9069419373296737,3.4615886855932073e-07,3.9069419373296737
265,0.7751024584217424,0.3002175954916796,1.675418015949316e-08,3.906936011188893,3.461677541223628e-07,3.906936011188893
266,0.7778806034340068,0.30021683909442465,1.6573806422841462e-08,3.906930184830935,3.461764902868528e-07,3.906930184830935
267,0.780658748446271,0.30021608011612266,1.6395376849579515e-08,3.906924337429145,3.4618525789329694e-07,3.906924337429145
268,0.7834368934585354,0.3002153258309588,1.6218867148950028e-08,3.9069185090018674,3.4619399706268457e-07,3.9069185090018674
269,0.7862150384707997,0.3002143407656973,1.6044458267188687e-08,3.906910232076034,3.462063861755863e-07,3.906910232076034
270,0.788993183483064,0.3002137993112937,1.5871548550578466e-08,3.9069066177161584,3.4621182436688854e-07,3.9069066177161584
271,0.7917713284953283,0.30021308023037846,1.5700653922333056e-08,3.906901112228517,3.4622008149028217e-07,3.906901112228517
272,0.7945494735075926,0.30021233787616586,1.553162026545074e-08,3.9068953489595253,3.462287229352108e-07,3.9068953489595253
273,0.7973276185198569,0.30021160016445914,1.536440584931931e-08,3.9068895989888826,3.4623734410742597e-07,3.9068895989888826
274,0.8001057635321213,0.3002108674950825,1.5198987735391647e-08,3.9068839058719638,3.4624588045151785e-07,3.9068839058719638
275,0.8028839085443855,0.3002101376328929,1.503535043128541e-08,3.906878220476131,3.462544051005714e-07,3.906878220476131
276,0.8056620535566499,0.30020940578086813,1.487347785030201e-08,3.9068725022915274,3.462629785529277e-07,3.9068725022915274
277,0.8084401985689141,0.30020867727196604,1.4713347133429463e-08,3.9068668017854757,3.4627152551068375e-07,3.9068668017854757
278,0.8112183435811785,0.3002079607781472,1.455493300193741e-08,3.9068612066520676,3.462799149554614e-07,3.9068612066520676
279,0.8139964885934428,0.3002072135949782,1.439824865528812e-08,3.9068552895063107,3.462887848119573e-07,3.9068552895063107
280,0.8167746336057071,0.30020652608038784,1.424320822950853e-08,3.906849964751256,3.462967706734043e-07,3.906849964751256
281,0.8195527786179714,0.30020579816081067,1.4089867837813819e-08,3.9068442227678637,3.4630537911902523e-07,3.9068442227678637
282,0.8223309236302357,0.30020331248472987,1.3940197381688017e-08,3.9068101100747206,3.4635606339618457e-07,3.9068101100747206
283,0.8251090686425,0.30020440123377745,1.3788085157512303e-08,3.906833274308428,3.463217960246151e-07,3.906833274308428
284,0.8278872136547644,0.30020367177965157,1.3639649637584671e-08,3.9068274776118774,3.4633048576819225e-07,3.9068274776118774
285,0.8306653586670286,0.30020299855517435,1.3492775106941716e-08,3.906822220243685,3.4633837020585064e-07,3.906822220243685
286,0.833443503679293,0.3002022949707774,1.3347504482972367e-08,3.9068166430805604,3.4634673186763896e-07,3.9068166430805604
287,0.8362216486915572,0.3002016058987312,1.320378901412001e-08,3.9068112028418946,3.463548889812512e-07,3.9068112028418946
288,0.8389997937038216,0.3002009252595425,1.3061616079979129e-08,3.9068058408848767,3.4636292913760725e-07,3.9068058408848767
289,0.8417779387160859,0.30020011244416406,1.292106699134662e-08,3.9067990868788023,3.4637304595231414e-07,3.9067990868788023
290,0.8445560837283502,0.30019353669322874,1.2793394715527008e-08,3.9066182825403604,3.4664015937643243e-07,3.9066182825403604
291,0.8473342287406145,0.3001988612324429,1.2644239125095507e-08,3.9067894444238105,3.463875126328613e-07,3.9067894444238105
292,0.8501123737528788,0.3001981983496981,1.2508084016101156e-08,3.906784216309754,3.4639535263917557e-07,3.906784216309754
293,0.8528905187651431,0.3001974880103382,1.2373426678279327e-08,3.9067784984868723,3.464039236430961e-07,3.9067784984868723
294,0.8556686637774075,0.3001968277206572,1.2240189308714955e-08,3.9067732563089126,3.4641178423715345e-07,3.9067732563089126
295,0.8584468087896717,0.3001961857319435,1.2108376045201332e-08,3.9067681889393486,3.464193837169172e-07,3.9067681889393486
296,0.8612249538019361,0.3001955215004313,1.1977996585129487e-08,3.9067628957129785,3.4642732041014545e-07,3.9067628957129785
297,0.8640030988142003,0.30019485979960603,1.1849020863264629e-08,3.9067576104261033,3.4643524509372936e-07,3.9067576104261033
298,0.8667812438264647,0.3001942038634759,1.1721431407862165e-08,3.906752371985318,3.4644309972214714e-07,3.906752371985318
299,0.869559388838729,0.3001935478262293,1.1595217190808685e-08,3.9067471163151186,3.4645098000054426e-07,3.9067471163151186
300,0.8723375338509933,0.30019287602391703,1.1470371705719794e-08,3.9067417032118437,3.464590951564377e-07,3.9067417032118437
301,0.8751156788632576,0.3001922430332893,1.134684858487168e-08,3.906736667273857,3.464666474266537e-07,3.906736667273857
302,0.877893823875522,0.3001916017829703,1.12246619997877e-08,3.9067315275795624,3.464743539787314e-07,3.9067315275795624
303,0.8806719688877862,0.30019093388430784,1.1103807624237551e-08,3.906726107755977,3.464824790816582e-07,3.906726107755977
304,0.8834501139000506,0.30019031793503104,1.0984225252197679e-08,3.9067212056702516,3.4648983073870754e-07,3.9067212056702516
305,0.8862282589123148,0.30018966434110184,1.0865952920418412e-08,3.906715915547204,3.464977618416808e-07,3.906715915547204
306,0.8890064039245792,0.3001890421226251,1.0748937560945638e-08,3.9067109266192013,3.465052431273605e-07,3.9067109266192013
307,0.8917845489368434,0.3001884151353387,1.0633185872634498e-08,3.9067058789511115,3.4651281197338255e-07,3.9067058789511115
308,0.8945626939491078,0.3001877881352359,1.0518681313942717e-08,3.906700824880755,3.465203903215485e-07,3.906700824880755
309,0.8973408389613721,0.3001871651393601,1.0405408735794819e-08,3.906695795836386,3.465279311322886e-07,3.906695795836386
310,0.9001189839736364,0.30018654056881483,1.0293357655044072e-08,3.9066907403829876,3.465355113644486e-07,3.9066907403829876
311,0.9028971289859007,0.30018592394252414,1.0182509795954157e-08,3.906685754296539,3.4654298784608847e-07,3.906685754296539
312,0.905675273998165,0.30018530639582347,1.0072857067827524e-08,3.9066807462896653,3.4655049701619717e-07,3.9066807462896653
313,0.9084534190104293,0.3001846884931173,9.964385657548038e-09,3.9066757339237848,3.465580126156405e-07,3.9066757339237848
314,0.9112315640226937,0.30018407445937223,9.857081330308518e-09,3.906670746436029,3.4656549102805846e-07,3.906670746436029
315,0.9140097090349579,0.3001834703941885,9.750928475937926e-09,3.90666584384206,3.465728424316425e-07,3.90666584384206
316,0.9167878540472223,0.30018285957567203,9.64592239377299e-09,3.9066608751544885,3.465802925810485e-07,3.9066608751544885
317,0.9195659990594865,0.3001822629033572,9.542040950953292e-09,3.906656034876875,3.465875507500218e-07,3.906656034876875
318,0.9223441440717509,0.30018164550009874,9.439289532019069e-09,3.9066509713198263,3.4659514241217137e-07,3.9066509713198263
319,0.9251222890840152,0.3001810729183587,9.33762384784469e-09,3.906646336876402,3.4660209291332583e-07,3.906646336876402
320,0.9279004340962795,0.3001804796961589,9.237063129138941e-09,3.9066415010292093,3.4660934423528194e-07,3.9066415010292093
321,0.9306785791085438,0.3001798884470478,9.13758530103087e-09,3.9066366720551224,3.4661658522847725e-07,3.9066366720551224
322,0.9334567241208082,0.3001793019128903,9.039177090739279e-09,3.906631883946045,3.4662376507208495e-07,3.906631883946045
323,0.9362348691330724,0.300178716578411,8.941828761718124e-09,3.9066270994347683,3.466309394693491e-07,3.9066270994347683
324,0.9390130141453368,0.3001781342424087,8.845528185293981e-09,3.906622333874416,3.466380854945038e-07,3.906622333874416
325,0.941791159157601,0.30017638231922805,8.750980693348003e-09,3.9066019393849447,3.4666848276180605e-07,3.9066019393849447
326,0.9445693041698654,0.30017697701814916,8.656025939765862e-09,3.9066128460766336,3.466523125545815e-07,3.9066128460766336
327,0.9473474491821297,0.3001764061925461,8.562800414520613e-09,3.9066081607902596,3.466593383812944e-07,3.9066081607902596
328,0.9529037392066583,0.300175266661252,8.379350771948715e-09,3.906598802439502,3.4667337158926305e-07,3.906598802439502
329,0.9556818842189226,0.30017470026099147,8.289104072883373e-09,3.9065941538612803,3.466803423975224e-07,3.9065941538612803
330,0.9584600292311869,0.30017413420694655,8.199829884261568e-09,3.906589497552037,3.466873247272453e-07,3.906589497552037
331,0.9612381742434513,0.30017357505080056,8.111515328636137e-09,3.9065848893856003,3.466942349528314e-07,3.9065848893856003
332,0.9640163192557155,0.3001730161441891,8.024152283314356e-09,3.9065802780294705,3.4670114992619277e-07,3.9065802780294705
333,0.9667944642679799,0.3001724538995324,7.93773222942198e-09,3.9065756219018946,3.4670813154475496e-07,3.9065756219018946
334,0.9695726092802441,0.30017051886317087,7.853080616828014e-09,3.9065506740469838,3.4674527077930165e-07,3.9065506740469838
335,0.9723507542925085,0.30017136360450947,7.767661552324914e-09,3.9065666356154507,3.4672160795666265e-07,3.9065666356154507
336,0.9751288993047728,0.3001636856382581,7.691013730367716e-09,3.9063880452017954,3.469860141528477e-07,3.9063880452017954
337,0.9779070443170371,0.3001635672838659,7.608111510101063e-09,3.9063852054969703,3.4699021904533883e-07,3.9063852054969703
338,0.9806851893293014,0.3001697300531133,7.519365994194683e-09,3.906553123500016,3.467418707060926e-07,3.906553123500016
339,0.9834633343415657,0.3001691887285874,7.438376827379039e-09,3.906548639416556,3.4674859503182064e-07,3.906548639416556
340,0.98624147935383,0.3001686635154796,7.358254326761396e-09,3.9065443048113826,3.4675509583654526e-07,3.9065443048113826
341,0.9917977693783586,0.3001675810525773,7.2006026330137636e-09,3.9065352957852273,3.4676860527044396e-07,3.9065352957852273
342,0.994575914390623,0.30016706111530356,7.1230410299630115e-09,3.9065309822705117,3.4677507432272147e-07,3.9065309822705117
343,0.9973540594028872,0.3001665327667341,7.046318043608069e-09,3.906526588756787,3.467816629613133e-07,3.906526588756787
344,1.0001322044151515,0.300166016710107,6.970417706346192e-09,3.906522300846366,3.467880937236553e-07,3.906522300846366
345,1.0029103494274159,0.3001654899844017,6.895339292360432e-09,3.906517898470609,3.467946954543409e-07,3.906517898470609
346,1.0056884944396802,0.3001649683298871,6.821068005453955e-09,3.906513543183379,3.468012268006212e-07,3.906513543183379
347,1.0084666394519446,0.3001644442602558,6.747597855054234e-09,3.906509160455157,3.468077990465245e-07,3.906509160455157
348,1.0112447844642087,0.30016394510519123,6.674910867859688e-09,3.906505012746356,3.4681401994533455e-07,3.906505012746356
349,1.014022929476473,0.3001634317796544,6.603011870886039e-09,3.906500727472343,3.4682044646715583e-07,3.906500727472343
350,1.0168010744887375,0.3001629253544626,6.531885158102776e-09,3.9064965091401795,3.468267728135771e-07,3.9064965091401795
351,1.0195792195010018,0.30016241801659593,6.461525747495125e-09,3.9064922621690927,3.4683314195552665e-07,3.9064922621690927
352,1.022357364513266,0.3001568542831366,6.397332149574415e-09,3.906327925552273,3.4707613833885614e-07,3.906327925552273
353,1.0251355095255303,0.3001615001947033,6.323041389818737e-09,3.906484701159641,3.468444850301429e-07,3.906484701159641
354,1.0279136545377947,0.30016099172180827,6.254932804458489e-09,3.9064804300399536,3.4685089021251915e-07,3.9064804300399536
355,1.030691799550059,0.30016045738503894,6.187566447114945e-09,3.906475903173462,3.4685767777423704e-07,3.906475903173462
356,1.0334699445623232,0.3001599251438824,6.120925719701357e-09,3.906471378162828,3.4686446230500906e-07,3.906471378162828
357,1.0362480895745876,0.30015943407029505,6.054989923532565e-09,3.906467253034975,3.4687064892777213e-07,3.906467253034975
358,1.039026234586852,0.3001589432756128,5.989764400660373e-09,3.90646313212931,3.468768292403146e-07,3.90646313212931
359,1.0418043795991163,0.3001584569552785,5.925240607163548e-09,3.9064590435502677,3.4688296114844177e-07,3.9064590435502677
360,1.0445825246113805,0.30015797706423253,5.8614101228051945e-09,3.9064550152857835,3.4688900278666103e-07,3.9064550152857835
361,1.0473606696236448,0.3001574988275389,5.7982672242745e-09,3.906450992368421,3.468950364946288e-07,3.906450992368421
362,1.0501388146359092,0.30015701288158514,5.735807084131654e-09,3.906446890806229,3.469011876599241e-07,3.906446890806229
363,1.0529169596481736,0.3001565370842004,5.674017161785779e-09,3.906442879363464,3.4690720401570023e-07,3.906442879363464
364,1.0556951046604377,0.3001560584046129,5.6128937559525865e-09,3.9064388429882118,3.4691325765862236e-07,3.9064388429882118
365,1.058473249672702,0.30015558963837063,5.552426386076011e-09,3.906434891740435,3.469191838992491e-07,3.906434891740435
366,1.0612513946849664,0.3001551204397619,5.49261067103077e-09,3.9064309362619665,3.469251164444341e-07,3.9064309362619665
367,1.0640295396972308,0.30015465344081016,5.433439428865922e-09,3.9064269818930764,3.46931047263024e-07,3.9064269818930764
368,1.0695858297217593,0.30015372395516343,5.317001255950165e-09,3.906419125649584,3.469428304007421e-07,3.906419125649584
369,1.0723639747340237,0.30015326249882246,5.259720910719679e-09,3.9064152158317254,3.469486944326008e-07,3.9064152158317254
370,1.0779202647585522,0.30015234793450407,5.147002877176627e-09,3.906407478392706,3.469602996028334e-07,3.906407478392706
371,1.0806984097708165,0.30015189369102196,5.091552615015453e-09,3.9064036284852257,3.46966073993514e-07,3.9064036284852257
372,1.083476554783081,0.30015143643258196,5.036700811274728e-09,3.906399742891252,3.469719017326335e-07,3.906399742891252
373,1.086254699795345,0.30015100402895883,4.98243365930323e-09,3.906396094448163,3.469773746667955e-07,3.906396094448163
374,1.0890328448076094,0.30015054576671596,4.928758140117381e-09,3.906392188928432,3.46983232068274e-07,3.906392188928432
375,1.0918109898198738,0.30015023241570654,4.8756247437956404e-09,3.9063896580295325,3.4698703216557704e-07,3.9063896580295325
376,1.0945891348321382,0.30014977205338034,4.82310027084996e-09,3.9063857446814856,3.4699290172135666e-07,3.9063857446814856
377,1.0973672798444023,0.3001508587429317,4.770883452292965e-09,3.906391769166632,3.469837703794363e-07,3.906391769166632
378,1.1001454248566667,0.30014878447491483,4.7197608668577946e-09,3.9063772200765707,3.470056842526476e-07,3.9063772200765707
379,1.102923569868931,0.30014922248146964,4.668734423995839e-09,3.9063804597669516,3.4700081047953897e-07,3.9063804597669516
380,1.1057017148811954,0.3001485356965751,4.618476348586333e-09,3.906375066691977,3.470089132552799e-07,3.906375066691977
381,1.1084798598934595,0.3001474779027867,4.568848270307304e-09,3.906366086330591,3.4702238417862814e-07,3.906366086330591
382,1.111258004905724,0.30014704733523523,4.51962332478234e-09,3.906362414157296,3.470278922851108e-07,3.906362414157296
383,1.1140361499179883,0.30014662496440697,4.470927072995328e-09,3.9063588139971275,3.470332925682499e-07,3.9063588139971275
384,1.1168142949302526,0.30014619591733493,4.422757201758028e-09,3.906355146365671,3.4703879381812364e-07,3.906355146365671
385,1.1195924399425168,0.3001457757611011,4.37510453102817e-09,3.906351557430886,3.4704417724474247e-07,3.906351557430886
386,1.1223705849547811,0.3001453541218696,4.327965910159696e-09,3.906347945788257,3.47049594679974e-07,3.906347945788257
387,1.1251487299670455,0.3001449340293826,4.281334778121646e-09,3.9063443547747543,3.470549811834878e-07,3.9063443547747543
388,1.1279268749793099,0.3001445167074039,4.235205662290297e-09,3.906340784951746,3.47060335940936e-07,3.906340784951746
389,1.130705019991574,0.30014409991661917,4.18957369110792e-09,3.9063372131134373,3.4706569369684044e-07,3.9063372131134373
390,1.1362613100161028,0.30014327823904857,4.099777124033871e-09,3.9063301833447817,3.470762386444712e-07,3.9063301833447817
391,1.1390394550283671,0.300142868513378,4.055603269570103e-09,3.9063266697082124,3.470815092405476e-07,3.9063266697082124
392,1.1418176000406313,0.3001424640601012,4.0119044273847505e-09,3.90632320288444,3.4708670971214347e-07,3.90632320288444
393,1.1445957450528956,0.30014205959388107,3.9686766318383275e-09,3.9063197305401074,3.4709191840744184e-07,3.9063197305401074
394,1.14737389006516,0.3001416558134991,3.925914714479214e-09,3.9063162568505736,3.470971291260707e-07,3.9063162568505736
395,1.1501520350774244,0.3001412574986718,3.883612330672269e-09,3.906312844122779,3.471022485281467e-07,3.906312844122779
396,1.1529301800896885,0.30014086034117465,3.841765858193685e-09,3.9063094302656545,3.4710736965546276e-07,3.9063094302656545
397,1.1557083251019529,0.300140462785889,3.800370447699892e-09,3.906306012105285,3.471124971910981e-07,3.906306012105285
398,1.1584864701142172,0.30014006754377276,3.759420757413562e-09,3.906302612891261,3.471175963311588e-07,3.906302612891261
399,1.1612646151264816,0.30013967219935195,3.718912647905515e-09,3.906299200362354,3.471227153897405e-07,3.906299200362354
400,1.1640427601387457,0.30013928279771146,3.678839896501753e-09,3.9062958468546616,3.471277460573625e-07,3.9062958468546616
401,1.1668209051510101,0.30013889743772554,3.6391982398762484e-09,3.906292532064475,3.4713271877047263e-07,3.906292532064475
402,1.1695990501632745,0.3001385107901777,3.59998422068765e-09,3.906289196509681,3.4713772256710017e-07,3.906289196509681
403,1.1723771951755388,0.3001381262746816,3.5611925736399622e-09,3.9062858732933634,3.4714270779098096e-07,3.9062858732933634
404,1.1779334852000674,0.30013736200381697,3.4848579384827223e-09,3.906279280522033,3.471525979226927e-07,3.906279280522033
405,1.1807116302123317,0.300136982314611,3.4473061756316547e-09,3.906276002080285,3.4715751610949466e-07,3.906276002080285
406,1.183489775224596,0.300137899131739,3.4099819313294823e-09,3.906282135548864,3.471482628366998e-07,3.906282135548864
407,1.1890460652491246,0.3001373785459388,3.336866239101607e-09,3.9062767578625275,3.471563044054541e-07,3.9062767578625275
408,1.191824210261389,0.3001362944335667,3.3009799710671767e-09,3.906269632050383,3.471670598578886e-07,3.906269632050383
409,1.1946023552736533,0.3001369619272649,3.2653136511977353e-09,3.9062716376665563,3.4716394123228015e-07,3.9062716376665563
410,1.1973805002859175,0.3001701072550931,3.228570676492026e-09,3.9063526086886684,3.470365011895865e-07,3.9063526086886684
411,1.2029367903104462,0.3001838347401143,3.1590162444057036e-09,3.906364385462038,3.470157263105141e-07,3.906364385462038
412,1.2057149353227106,0.3001543018135541,3.1257614966407747e-09,3.906318771115861,3.470902445537392e-07,3.906318771115861
413,1.2084930803349747,0.2993537184248632,5.155062369700925e-09,3.8127368745362893,5.167945187539532e-07,3.8127368745362893
414,1.2168275153717678,0.3007537187347019,2.9847955629526687e-09,3.90674102861469,3.463193185442162e-07,3.90674102861469
415,1.219605660384032,0.2988046830445101,5.072606722921299e-09,3.808009970500187,5.274875941257867e-07,3.808009970500187
416,1.2223838053962963,0.30013153046508667,2.9302036832979442e-09,3.9062287662499093,3.472283807141692e-07,3.9062287662499093
417,1.2251619504085607,0.3001311842753555,2.8986251528316883e-09,3.906225760066132,3.4723289094603344e-07,3.906225760066132
418,1.227940095420825,0.3001308361140079,2.8673873600060436e-09,3.9062227304812023,3.4723743617203837e-07,3.9062227304812023
419,1.2307182404330892,0.30013249377917517,2.836287785327877e-09,3.9062322315929525,3.472230393280266e-07,3.9062322315929525
420,1.2334963854453536,0.3001630843765549,2.804451812646909e-09,3.9063078528184363,3.4710408944676513e-07,3.9063078528184363
421,1.236274530457618,0.3001314802177106,2.7755041269096745e-09,3.90622497083863,3.472339775964828e-07,3.90622497083863
422,1.2473871105066752,0.3001284544861584,2.657942868950326e-09,3.906201977679226,3.472685722667166e-07,3.906201977679226
423,1.2501652555189395,0.3001281204533135,2.6292974827712945e-09,3.906199065391345,3.472729417418966e-07,3.906199065391345
424,1.2529434005312037,0.30012779175575444,2.60096023570615e-09,3.906196196048492,3.4727724687863886e-07,3.906196196048492
425,1.255721545543468,0.2987861629672059,4.68103236376849e-09,3.7976413254961083,5.513107974418982e-07,3.7976413254961083
426,1.2584996905557324,0.29880032894820024,4.63397093797186e-09,3.797558901379115,5.514994584669418e-07,3.797558901379115
427,1.2668341255925253,0.3001261525168638,2.4637900215382837e-09,3.906181873359345,3.47298736421041e-07,3.906181873359345
428,1.2696122706047897,0.30012583831402617,2.437235103353026e-09,3.9061791258455543,3.4730285899945116e-07,3.9061791258455543
429,1.272390415617054,0.3001255155253065,2.4109675121537036e-09,3.906176298155178,3.473071016624671e-07,3.906176298155178
430,1.2751685606293182,0.30012519735613735,2.384982538709161e-09,3.906173509586615,3.47311285716126e-07,3.906173509586615
431,1.2779467056415825,0.297341023010251,4.479077383447805e-09,3.7905299529719034,5.687905987070312e-07,3.7905299529719034
432,1.2862811406783754,0.2887750683614646,6.269719282715705e-09,3.72520124228267,7.555059712031563e-07,3.72520124228267
433,1.2890592856906398,0.30012363282943844,2.2591962591092784e-09,3.9061598013127163,3.4733185442461473e-07,3.9061598013127163
434,1.2918374307029041,0.3001233260478897,2.2348460627788866e-09,3.9061571077591175,3.4733589608745406e-07,3.9061571077591175
435,1.2946155757151685,0.29608843594832357,5.057217040526447e-09,3.757457752825497,6.55422241797402e-07,3.757457752825497
436,1.2973937207274326,0.29650602561669503,4.6645395901233654e-09,3.770066880454335,6.209497944353066e-07,3.770066880454335
437,1.300171865739697,0.2894311405250131,5.094179708444782e-09,3.7531451102201467,6.703717000420519e-07,3.7531451102201467
438,1.3029500107519614,0.28854051828167115,5.48427818876362e-09,3.738114528748953,7.151282184959297e-07,3.738114528748953
439,1.3057281557642257,0.2968892136993594,4.4459922359472624e-09,3.7729983628672645,6.130909314102481e-07,3.7729983628672645
440,1.3085063007764899,0.2968277851341218,4.2058439752766274e-09,3.7810910975772556,5.92325613115868e-07,3.7810910975772556
441,1.3112844457887542,0.3001212048920965,2.0715853673116685e-09,3.906138472391544,3.4736385845631986e-07,3.906138472391544
442,1.3140625908010186,0.29653779502762684,4.648855447710434e-09,3.7594018965013842,6.498297756672364e-07,3.7594018965013842
443,1.316840735813283,0.29214596222763933,3.792450275423012e-09,3.7945368052739066,5.610516447085063e-07,3.7945368052739066
444,1.3196188808255471,0.29633899321670054,4.276240864889352e-09,3.7706451860248773,6.194852563029461e-07,3.7706451860248773
445,1.3223970258378115,0.30012003938582693,1.9837018957183468e-09,3.9061282232075327,3.4737923808675176e-07,3.9061282232075327
446,1.3251751708500759,0.3001197428590792,1.962320568649955e-09,3.9061256041196764,3.4738316800973424e-07,3.9061256041196764
447,1.3279533158623402,0.30011945790709454,1.941168537699655e-09,3.906123093756462,3.4738693504433454e-07,3.906123093756462
448,1.3307314608746044,0.3001191663967891,1.920245140035371e-09,3.9061205273642026,3.473907860028313e-07,3.9061205273642026
449,1.3335096058868687,0.2901054292175823,4.241552430059662e-09,3.763444712692364,6.413138848345719e-07,3.763444712692364
450,1.336287750899133,0.2903362516913508,4.165425752151507e-09,3.7647862328711206,6.375649916603952e-07,3.7647862328711206
451,1.3390658959113975,0.2898618092017484,4.285741306818605e-09,3.7578871177485125,6.567819116059255e-07,3.7578871177485125
452,1.3418440409236616,0.2904801248663193,4.017505673254474e-09,3.767490282060219,6.302052846658427e-07,3.767490282060219
453,1.344622185935926,0.2897436891951893,4.235501017484608e-09,3.7562792891538748,6.613466227673479e-07,3.7562792891538748
454,1.3474003309481903,0.28949101085839163,4.23811649171892e-09,3.754337256493005,6.669494185524796e-07,3.754337256493005
455,1.3501784759604547,0.2895565233162674,4.172126076623608e-09,3.7552677707960096,6.642824742141648e-07,3.7552677707960096
456,1.3557347659849832,0.2894542925600016,4.455554877666514e-09,3.739866556333997,7.093994133680376e-07,3.739866556333997
457,1.3585129109972476,0.28931930501565445,4.457314688232076e-09,3.737963421437869,7.152399392158666e-07,3.737963421437869
458,1.361291056009512,0.289065927603351,4.451055616889135e-09,3.736395363950561,7.201524141926201e-07,3.736395363950561
459,1.3668473460340405,0.28874527859086435,4.208406012306787e-09,3.74270016899104,7.011934063211899e-07,3.74270016899104
460,1.3696254910463048,0.28906430552444085,4.042058166267763e-09,3.7479789908072934,6.854541251729947e-07,3.7479789908072934
461,1.3724036360585692,0.2885419310098762,5.645467907759317e-09,3.6869478259430273,8.896549450280689e-07,3.6869478259430273
462,1.3751817810708333,0.288633021393039,4.784187709972437e-09,3.7144479499007668,7.910470125715538e-07,3.7144479499007668
463,1.3779599260830977,0.2897348618988703,3.7498934392939e-09,3.7556681798148155,6.630747114832443e-07,3.7556681798148155
464,1.380738071095362,0.288839607795004,4.033147152682386e-09,3.74101487907791,7.062071940677829e-07,3.74101487907791
465,1.3835162161076264,0.2901884491658387,3.4856652380063615e-09,3.764865872934759,6.374092403102742e-07,3.764865872934759
466,1.3862943611198906,0.28772099380153215,4.930867599656129e-09,3.701905966761819,8.350121898711154e-07,3.701905966761819
