,Transformation parameter epsilon,RMS colon IM-III,Parameter A,Parameter tau,Parameter C,Parameter alpha,Inverse parameter A,Inverse parameter gamma,Inverse parameter C,Inverse parameter alpha
0,0.0,0.5053558113838262,8.9893093371012,33.23512202855564,0.9816686813950904,0.09702363789286181,8.9893093371012,33.23512202855564,0.9816686813950904,0.09702363789286181
1,1.7670448992553818e-05,0.5053633450489664,8.9976779228742,33.24143427819519,0.9816121327862577,0.09701056761201696,8.9976779228742,33.24143427819519,0.9816552416547529,0.09701056761201696
2,3.5340897985107636e-05,0.505375591620616,9.00606110544761,33.24775376531391,0.9815554572495184,0.09699750778771225,9.00606110544761,33.24775376531391,0.9816416787987492,0.09699750778771225
3,5.301134697766146e-05,0.5053924842036235,9.01440364010769,33.25403638462435,0.9814987539168495,0.09698452464581336,9.01440364010769,33.25403638462435,0.9816280919052289,0.09698452464581336
4,7.068179597021527e-05,0.5054139993271705,9.02274864325791,33.26031637111216,0.9814419461603616,0.0969715650216282,9.02274864325791,33.26031637111216,0.9816144044660442,0.0969715650216282
5,0.00010602269395532292,0.5054707347489394,9.039389811120962,33.27282426681107,0.9813281172303508,0.09694578740367728,9.039389811120962,33.27282426681107,0.9815868278047096,0.09694578740367728
6,0.00012369314294787673,0.5055059054043016,9.04770118303331,33.279063819116345,0.9812710700140285,0.0969329479105951,9.04770118303331,33.279063819116345,0.9815729126493496,0.0969329479105951
7,0.00014136359194043055,0.5055456118249352,9.056003773497082,33.28529308291032,0.9812139361278212,0.09692015256060726,9.056003773497082,33.28529308291032,0.9815589149783165,0.09692015256060726
8,0.00015903404093298436,0.5055897764897398,9.064287632308915,33.291502590712504,0.9811567373715855,0.09690740376227523,9.064287632308915,33.291502590712504,0.9815448563739976,0.09690740376227523
9,0.00017670448992553818,0.5056384441953373,9.07257273161063,33.297708647946905,0.981099436503183,0.09689467993858966,9.07257273161063,33.297708647946905,0.9815306998628593,0.09689467993858966
10,0.000194374938918092,0.5056915230907791,9.080826019362613,33.30388545475622,0.9810420932089353,0.096882023012077,9.080826019362613,33.30388545475622,0.9815165048886618,0.096882023012077
11,0.00021204538791064583,0.5057490844870943,9.08908523800008,33.31006227024751,0.9809846399124794,0.09686938377789803,9.08908523800008,33.31006227024751,0.9815022042206953,0.09686938377789803
12,0.00022971583690319965,0.5058111279632247,9.097344381327902,33.316235013008985,0.9809270861541457,0.09685677331892376,9.097344381327902,33.316235013008985,0.9814878075269335,0.09685677331892376
13,0.0002650567348883073,0.5059484272025928,9.113792000267424,33.32851185085012,0.98081180954978,0.09683171751079069,9.113792000267424,33.32851185085012,0.981458857409462,0.09683171751079069
14,0.0002827271838808611,0.5060237618113176,9.122005971870516,33.33463591622863,0.98075404045321,0.09681924017088425,9.122005971870516,33.33463591622863,0.9814442581128181,0.09681924017088425
15,0.0003180680818659687,0.5061878034355711,9.138404052848996,33.34684841939382,0.9806382575060018,0.09679440484401611,9.138404052848996,33.34684841939382,0.9814148282249257,0.09679440484401611
16,0.00033573853085852254,0.5062765761127334,9.146596799307595,33.35294342588846,0.9805802282360766,0.09678203478410544,9.146596799307595,33.35294342588846,0.9813999824144584,0.09678203478410544
17,0.00035340897985107635,0.5063698138511361,9.154773757919179,33.35902141715494,0.9805221299004303,0.09676970767193079,9.154773757919179,33.35902141715494,0.9813850718726815,0.09676970767193079
18,0.00037107942884363017,0.5064676633691747,9.162962430611332,33.3651050824761,0.9804639084663087,0.09675739727812134,9.162962430611332,33.3651050824761,0.9813700435273796,0.09675739727812134
19,0.000388749877836184,0.5065698926594882,9.171105060037824,33.37114796654966,0.9804056756912979,0.09674516463623357,9.171105060037824,33.37114796654966,0.9813550075467715,0.09674516463623357
20,0.0004064203268287378,0.5066768120143788,9.179266983691154,33.377202061380224,0.9803473062147775,0.09673293736577959,9.179266983691154,33.377202061380224,0.9813398403326526,0.09673293736577959
21,0.00042409077582129166,0.5067882298071441,9.187401339648439,33.38323035318742,0.9802888899314255,0.09672076855204464,9.187401339648439,33.38323035318742,0.9813246306254971,0.09672076855204464
22,0.0004417612248138455,0.5069043841026176,9.195549352641319,33.38926527450982,0.9802303480619013,0.09670861051802851,9.195549352641319,33.38926527450982,0.9813093007698777,0.09670861051802851
23,0.0004594316738063993,0.5070251098196991,9.203670646203403,33.395274877354865,0.9801717585366831,0.0966965082353489,9.203670646203403,33.395274877354865,0.9812939275603116,0.0966965082353489
24,0.0004771021227989531,0.5071506285621906,9.21180205233731,33.401288649758534,0.9801130494413747,0.09668442271972624,9.21180205233731,33.401288649758534,0.9812784403980801,0.09668442271972624
25,0.0004947725717915069,0.5072807728473783,9.219909585848992,33.4072795155993,0.9800542871243186,0.09667239074837418,9.219909585848992,33.4072795155993,0.9812629045397933,0.09667239074837418
26,0.0005124430207840607,0.5074157868773655,9.228021547708554,33.413269781471534,0.9799954169862944,0.09666037968131731,9.228021547708554,33.413269781471534,0.981247266296031,0.09666037968131731
27,0.0005301134697766146,0.5075556492207409,9.236129564625523,33.41925248041325,0.9799364560476195,0.09664839694170158,9.236129564625523,33.41925248041325,0.9812315423272151,0.09664839694170158
28,0.000583124816754276,0.508004559604681,9.260398163894537,33.4371339169773,0.9797590829448647,0.0966126757969618,9.260398163894537,33.4371339169773,0.9811839116935395,0.0966126757969618
29,0.0006007952657468298,0.5081641959699382,9.268476993733902,33.443077908660044,0.9796997809169321,0.0966008330555715,9.268476993733902,33.443077908660044,0.9811678679472653,0.0966008330555715
30,0.0006184657147393837,0.5083290818563175,9.27656567043226,33.449025571879616,0.9796403601945832,0.09658900522774354,9.27656567043226,33.449025571879616,0.981151711602125,0.09658900522774354
31,0.0006361361637319374,0.7761476563329771,2745.1312084913598,109.06258152041858,-1.7966723642071152,0.02438457571408659,2745.1312084913598,109.06258152041858,-1.7964507245445467,0.02438457571408659
32,0.0006538066127244913,0.5086744056589115,9.292696638078286,33.4608722189955,0.9795213131652635,0.09656547763509393,9.292696638078286,33.4608722189955,0.9811192086820183,0.09656547763509393
33,0.0006714770617170451,0.5088551980530287,9.300765956995201,33.46679236899862,0.9794616333403283,0.0965537475060333,9.300765956995201,33.46679236899862,0.9811028098033363,0.0965537475060333
34,0.0007244884086947066,0.5094303939543271,9.324928194367349,33.48449347597159,0.9792820880835749,0.09651876583958646,9.324928194367349,33.48449347597159,0.9810531417191029,0.09651876583958646
35,0.0007421588576872603,0.50963373496465,9.333009968726179,33.49040695573169,0.9792219858573286,0.09650712362361397,9.333009968726179,33.49040695573169,0.9810363451997859,0.09650712362361397
36,0.0007598293066798142,0.5098423552959503,9.341039158737997,33.49627557444627,0.979161889782468,0.09649556633398679,9.341039158737997,33.49627557444627,0.9810195586372754,0.09649556633398679
37,0.000777499755672368,0.5100570473952942,9.349085031519945,33.502153335454416,0.9791016607656952,0.09648401638457738,9.349085031519945,33.502153335454416,0.9810026462819884,0.09648401638457738
38,0.0008128406536574756,0.5105044155895041,9.365177243607912,33.51389691062916,0.9789809033392259,0.09646099183687921,9.365177243607912,33.51389691062916,0.9809685412767836,0.09646099183687921
39,0.0008305111026500295,0.5107374001840804,9.373232785915526,33.51976962443524,0.978920356671094,0.09644950527236909,9.373232785915526,33.51976962443524,0.9809513308046968,0.09644950527236909
40,0.0008481815516425833,0.5109764146446708,9.381269543117298,33.52562381481029,0.9788597486154317,0.0964380653106362,9.381269543117298,33.52562381481029,0.9809340645721237,0.0964380653106362
41,0.0008658520006351371,0.5112222231660264,9.389343551901831,33.53150261366133,0.9787989646776146,0.09642660870468023,9.389343551901831,33.53150261366133,0.9809166310301493,0.09642660870468023
42,0.000883522449627691,0.5114740050815134,9.39736805020517,33.537338967585455,0.9787381829338928,0.09641523128943427,9.39736805020517,33.537338967585455,0.9808992035699893,0.09641523128943427
43,0.0009011928986202447,0.5117329868162123,9.405437853679187,33.543206452290825,0.9786772078510741,0.09640383013855051,9.405437853679187,33.543206452290825,0.9808815922380351,0.09640383013855051
44,0.0009188633476127986,0.5119986061444781,9.41349474600821,33.54905940532344,0.9786161602175223,0.09639246564743108,9.41349474600821,33.54905940532344,0.9808639141246338,0.09639246564743108
45,0.0009365337966053523,0.5122710586879737,9.421548460704685,33.55490596671482,0.9785550190174647,0.0963811305323081,9.421548460704685,33.55490596671482,0.9808461492898835,0.0963811305323081
46,0.0009542042455979062,0.5125505859711752,9.429609329008557,33.56075386619548,0.9784937627287518,0.09636981254632081,9.429609329008557,33.56075386619548,0.9808282767656118,0.09636981254632081
47,0.00097187469459046,0.5128373150788469,9.43767477892284,33.5666005465229,0.9784323981608426,0.0963585105723897,9.43767477892284,33.5666005465229,0.980810302755608,0.0963585105723897
48,0.0009895451435830138,0.5131313578819958,9.445748799042743,33.57245033449553,0.9783709140090237,0.09634722808816439,9.445748799042743,33.57245033449553,0.9807922173933998,0.09634722808816439
49,0.0010072155925755677,0.5134328021273769,9.453824386089174,33.57829657785256,0.9783093275469569,0.09633596499642233,9.453824386089174,33.57829657785256,0.9807740364954609,0.09633596499642233
50,0.0010248860415681214,0.513741849564404,9.461911199305627,33.58414746320159,0.9782476166163677,0.09632471579923926,9.461911199305627,33.58414746320159,0.9807557393245816,0.09632471579923926
51,0.001060226939553229,0.5143831905404688,9.478102028805516,33.595848503845,0.9781238586398285,0.09630226510727796,9.478102028805516,33.595848503845,0.9807188309579155,0.09630226510727796
52,0.001077897388545783,0.5147155568460012,9.486197671428133,33.60169339979409,0.9780618271821295,0.09629107920525051,9.486197671428133,33.60169339979409,0.9807002359651585,0.09629107920525051
53,0.0010955678375383366,0.5150564123133455,9.49432446670515,33.60755744057042,0.9779996295144538,0.09627988144112627,9.49432446670515,33.60755744057042,0.9806814840615498,0.09627988144112627
54,0.0011132382865308905,0.5154052926411713,9.502445806374885,33.6134129521853,0.97793734208934,0.09626871400255,9.502445806374885,33.6134129521853,0.9806626496496689,0.09626871400255
55,0.0011309087355234444,0.5157627092545716,9.510582373804429,33.61927536144506,0.9778749215975051,0.09625755194777605,9.510582373804429,33.61927536144506,0.9806436905438695,0.09625755194777605
56,0.0011485791845159982,0.5161288055910246,9.518736745905622,33.62514729271622,0.977812361156834,0.09624639644683917,9.518736745905622,33.62514729271622,0.9806246008162088,0.09624639644683917
57,0.001166249633508552,0.5165036023651342,9.52689775516788,33.631019124993195,0.977749686150212,0.0962352535583082,9.52689775516788,33.631019124993195,0.9806054041056836,0.0962352535583082
58,0.0011839200825011058,0.5168872091572196,9.535067583994612,33.63689376859256,0.9776868893102347,0.09622412824139219,9.535067583994612,33.63689376859256,0.9805860946436716,0.09622412824139219
59,0.0012015905314936596,0.5172797859860662,9.543245193579073,33.64276984083483,0.9776239739787408,0.09621301812117189,9.543245193579073,33.64276984083483,0.9805666751917418,0.09621301812117189
60,0.0012192609804862135,0.5176817227623408,9.551441548237708,33.648655219646955,0.9775609167071573,0.09620190908144555,9.551441548237708,33.648655219646955,0.9805471227959043,0.09620190908144555
61,0.0012369314294787674,0.5180933709449196,9.55966789912595,33.6545588639779,0.9774976919449613,0.09619079161966902,9.55966789912595,33.6545588639779,0.9805274133525079,0.09619079161966902
62,0.001254601878471321,0.5185141337052896,9.567883610883971,33.66044933823987,0.977434388469364,0.09617970655047221,9.567883610883971,33.66044933823987,0.9805076320337015,0.09617970655047221
63,0.0012722723274638749,0.5189453178219403,9.576142372701685,33.6663684932713,0.9773708874117737,0.09616860245887664,9.576142372701685,33.6663684932713,0.9804876654601319,0.09616860245887664
64,0.0012899427764564288,0.5193869637578462,9.584400677009683,33.67228220759186,0.9773072849684254,0.09615751965136864,9.584400677009683,33.67228220759186,0.9804676053013307,0.09615751965136864
65,0.0013076132254489826,0.5198400355491171,9.59268287705865,33.678209341936764,0.9772435264999046,0.09614643547135097,9.59268287705865,33.678209341936764,0.9804473995662606,0.09614643547135097
66,0.0013252836744415363,0.5203047337299502,9.60098212132275,33.68414440755994,0.9771796278639389,0.09613535460114421,9.60098212132275,33.68414440755994,0.9804270632105792,0.09613535460114421
67,0.0013429541234340901,0.5207816470944254,9.609303072657829,33.69009103586175,0.9771155772926212,0.09612427406338431,9.609303072657829,33.69009103586175,0.980406585283148,0.09612427406338431
68,0.001360624572426644,0.5212712806080777,9.617653925573304,33.6960555670617,0.9770513565392441,0.0961131855681489,9.617653925573304,33.6960555670617,0.9803859484781017,0.0961131855681489
69,0.0013782950214191979,0.5217740520220402,9.626018725779382,33.70202509599604,0.9769870011739132,0.09610210212312834,9.626018725779382,33.70202509599604,0.980365186272528,0.09610210212312834
70,0.0013959654704117515,0.5222906969754701,9.634411650115318,33.70801132989226,0.9769224780492051,0.09609101425392828,9.634411650115318,33.70801132989226,0.980344268011838,0.09609101425392828
71,0.0014136359194043054,0.522821412404384,9.642825333522948,33.71400780088229,0.9768578042581503,0.09607992505924229,9.642825333522948,33.71400780088229,0.9803232092734413,0.09607992505924229
72,0.0014313063683968593,0.5233667695705027,9.651272781542835,33.720024526047794,0.9767929497809018,0.09606882262959088,9.651272781542835,33.720024526047794,0.9803019816717524,0.09606882262959088
73,0.0014489768173894131,0.5239265382046823,9.659734573998008,33.7260471400937,0.9767279569280641,0.09605772933356349,9.659734573998008,33.7260471400937,0.9802806262791645,0.09605772933356349
74,0.001466647266381967,0.5245016856195375,9.668234936735841,33.732093652872145,0.9766627713698045,0.09604661840219625,9.668234936735841,33.732093652872145,0.9802590908456204,0.09604661840219625
75,0.0014843177153745207,0.5250923670288562,9.676768018153467,33.738159294009805,0.9765974057947532,0.09603549504378003,9.676768018153467,33.738159294009805,0.9802373874053524,0.09603549504378003
76,0.0015019881643670745,0.5256985153301882,9.685317409731947,33.74423146870612,0.9765318972132736,0.09602437465476878,9.685317409731947,33.74423146870612,0.9802155511652598,0.09602437465476878
77,0.0015196586133596284,0.5263210572680439,9.693909464489453,33.75033052355804,0.9764661842509149,0.09601323396582269,9.693909464489453,33.75033052355804,0.9801935242822721,0.09601323396582269
78,0.0015373290623521823,0.5269598670959353,9.702524997975225,33.756441518117015,0.9764003104794022,0.09600209007952068,9.702524997975225,33.756441518117015,0.9801713479655167,0.09600209007952068
79,0.001554999511344736,0.5276160337228962,9.711191533976958,33.76258538581839,0.9763342126266245,0.09599091612358174,9.711191533976958,33.76258538581839,0.9801489621908844,0.09599091612358174
80,0.0015726699603372898,0.5282888509564699,9.719873502229955,33.76873505575497,0.9762679704724636,0.09597974835148486,9.719873502229955,33.76873505575497,0.9801264431083901,0.09597974835148486
81,0.0015903404093298437,0.5289795794421349,9.728600156811076,33.77491216610161,0.9762015177527432,0.09596855463445705,9.728600156811076,33.77491216610161,0.9801037271063464,0.09596855463445705
82,0.0016080108583223975,0.5296885081365192,9.737371411794486,33.7811172272724,0.9761348524080066,0.09595733913652184,9.737371411794486,33.7811172272724,0.9800808132154752,0.09595733913652184
83,0.0016256813073149512,0.5304153901696054,9.746166632473189,33.787334227392506,0.9760680219090473,0.09594612039982131,9.746166632473189,33.787334227392506,0.9800577462491348,0.09594612039982131
84,0.001661022205300059,0.5319268331172665,9.763903266825404,33.799859345491775,0.9759336914974535,0.09592359818930771,9.763903266825404,33.799859345491775,0.9800109876838444,0.09592359818930771
85,0.0016786926542926128,0.5327114205321809,9.77282486188684,33.80615281234973,0.9758662348754331,0.09591231744068979,9.77282486188684,33.80615281234973,0.9799873381129731,0.09591231744068979
86,0.0017140335522777203,0.5343423924671842,9.790826770777151,33.818838194629556,0.975730616454703,0.09588965361227679,9.790826770777151,33.818838194629556,0.979939379896632,0.09588965361227679
87,0.0017317040012702742,0.5351891296662595,9.799899284237888,33.82522513440667,0.9756624690269651,0.09587828499252511,9.799899284237888,33.82522513440667,0.9799150866912916,0.09587828499252511
88,0.001749374450262828,0.5360572707752823,9.809016328814783,33.831638118032195,0.9755941036373444,0.09586689017906931,9.809016328814783,33.831638118032195,0.9798905901248489,0.09586689017906931
89,0.001767044899255382,0.5369469640599367,9.818174438160458,33.83807534937036,0.975525526439251,0.0958554772631535,9.818174438160458,33.83807534937036,0.9798658973083151,0.0958554772631535
90,0.0017847153482479356,0.5378598097727039,9.827402085265739,33.84455710501924,0.9754566702002064,0.09584401446528786,9.827402085265739,33.84455710501924,0.9798409435358353,0.09584401446528786
91,0.0018200562462330433,0.5397539036311689,9.846001576968522,33.85760825062077,0.9753182650730698,0.09582101619587967,9.846001576968522,33.85760825062077,0.9797903941166995,0.09582101619587967
92,0.0018377266952255972,0.5407374261294544,9.855402692175684,33.86419825504926,0.9752486460349054,0.09580944709869257,9.855402692175684,33.86419825504926,0.9797647309133355,0.09580944709869257
93,0.0018553971442181508,0.5417446396639971,9.864840500528567,33.87080760520472,0.9751788210381321,0.09579786058807004,9.864840500528567,33.87080760520472,0.9797388763156281,0.09579786058807004
94,0.0018730675932107047,0.5427774893750702,9.87435833904144,33.877470393147206,0.975108683837017,0.09578622414675296,9.87435833904144,33.877470393147206,0.9797127325953144,0.09578622414675296
95,0.0018907380422032586,0.5438351561023586,9.88391410637036,33.88415249461067,0.9750383368280462,0.09577456515725476,9.88391410637036,33.88415249461067,0.979686392948579,0.09577456515725476
96,0.0019084084911958124,0.5449196036312718,9.893551995487076,33.890888786357706,0.974967670322476,0.09576285252025761,9.893551995487076,33.890888786357706,0.9796597569747275,0.09576285252025761
97,0.001926078940188366,0.5460306296194772,9.903251923030483,33.897663163397205,0.9748967322847,0.09575110081802132,9.903251923030483,33.897663163397205,0.979632868732781,0.09575110081802132
98,0.00194374938918092,0.5471690050529674,9.913020855711284,33.90448096905524,0.9748255040076651,0.09573930535663341,9.913020855711284,33.90448096905524,0.9796057111873255,0.09573930535663341
99,0.0019614198381734736,0.5483352259330548,9.922853068738572,33.9113367124855,0.9747539995558882,0.09572746582440089,9.922853068738572,33.9113367124855,0.979578296060135,0.09572746582440089
100,0.0019790902871660277,0.5495297973162346,9.932754429728085,33.91823588891763,0.9746822014630901,0.0957155840512649,9.932754429728085,33.91823588891763,0.9795506090298,0.0957155840512649
101,0.0019967607361585813,0.550753726960588,9.942735429858663,33.92518595308118,0.9746100828406231,0.09570365014077975,9.942735429858663,33.92518595308118,0.979522624823411,0.09570365014077975
102,0.0020144311851511354,0.5520077274861919,9.95279547585623,33.932185602334656,0.9745376446334255,0.09569166100636148,9.95279547585623,33.932185602334656,0.9794943433907455,0.09569166100636148
103,0.002032101634143689,0.5532916069102456,9.962920892614612,33.939224890119526,0.9744649178427967,0.0956796319618048,9.962920892614612,33.939224890119526,0.9794657946399131,0.0956796319618048
104,0.0020497720831362427,0.5546062204900302,9.973120373216585,33.94631054746924,0.9743918792871569,0.09566755757068164,9.973120373216585,33.94631054746924,0.9794369576541204,0.09566755757068164
105,0.002067442532128797,0.5559533628217954,9.983416146317001,33.95345828880832,0.9743184732852325,0.09565541515053931,9.983416146317001,33.95345828880832,0.9794077795608219,0.09565541515053931
106,0.0020851129811213505,0.557332049403453,9.993773761263375,33.96064181661519,0.9742447833974163,0.09564323362102513,9.993773761263375,33.96064181661519,0.9793783379471909,0.09564323362102513
107,0.0021027834301139046,0.5587433769334604,10.004211720797215,33.967876089896116,0.9741707609884478,0.09563100401459756,10.004211720797215,33.967876089896116,0.9793485897117493,0.09563100401459756
108,0.002120453879106458,0.5601891806730731,10.014748230816016,33.97517344682279,0.9740963599682513,0.09561870553991156,10.014748230816016,33.97517344682279,0.9793184904231081,0.09561870553991156
109,0.002138124328099012,0.5616696483011874,10.025377192227111,33.98252946310171,0.9740215930580969,0.0956063461468532,10.025377192227111,33.98252946310171,0.9792880527861874,0.0956063461468532
110,0.002155794777091566,0.5631842137310459,10.036075744437346,33.989926974414594,0.9739465153444153,0.09559394622874029,10.036075744437346,33.989926974414594,0.9792573283304676,0.09559394622874029
111,0.0021734652260841196,0.5647347232278926,10.046867160224826,33.99738273026069,0.9738710670715564,0.09558148502891846,10.046867160224826,33.99738273026069,0.9792262611826089,0.09558148502891846
112,0.0021911356750766733,0.5663218597258686,10.057747474905128,34.00489419755635,0.973795255525222,0.09556896944989914,10.057747474905128,34.00489419755635,0.9791948593131086,0.09556896944989914
113,0.0022088061240692273,0.5679483891905234,10.068720895437329,34.01246369275971,0.9737190686947529,0.09555639363973796,10.068720895437329,34.01246369275971,0.9791631108436709,0.09555639363973796
114,0.002226476573061781,0.5696151601080751,10.079790144800086,34.02009381489258,0.9736424969388976,0.09554375971075543,10.079790144800086,34.02009381489258,0.9791310083490656,0.09554375971075543
115,0.002244147022054335,0.5713226599315211,10.090948550240435,34.02777854547015,0.9735655553179197,0.0955310708584225,10.090948550240435,34.02777854547015,0.9790985648774171,0.0955310708584225
116,0.0022618174710468887,0.5730715423549256,10.102193328132097,34.03551551211624,0.973488249161248,0.09551832891884028,10.102193328132097,34.03551551211624,0.9790657852759548,0.09551832891884028
117,0.0022794879200394424,0.5748633179292814,10.113545826143197,34.04332159278998,0.9734105207459759,0.09550552351855952,10.113545826143197,34.04332159278998,0.9790326185951248,0.09550552351855952
118,0.0022971583690319965,0.5766983715972837,10.12499372659887,34.05118617100634,0.9733324001302827,0.09549265983269532,10.12499372659887,34.05118617100634,0.9789990909090093,0.09549265983269532
119,0.00231482881802455,0.5785773199315117,10.136540281019453,34.05911244432832,0.9732538756006359,0.09547974106089671,10.136540281019453,34.05911244432832,0.9789651934145481,0.09547974106089671
120,0.002332499267017104,0.5804995738902194,10.148166213812011,34.0670858742636,0.9731749941308783,0.09546678457426971,10.148166213812011,34.0670858742636,0.9789309699626307,0.09546678457426971
121,0.002350169716009658,0.5824688727849262,10.159916506598675,34.075139230458674,0.9730956386605359,0.09545375182560235,10.159916506598675,34.075139230458674,0.9788963120113541,0.09545375182560235
122,0.0023678401650022115,0.5844832269282231,10.171752391898467,34.083243926560144,0.9730159051638937,0.09544067900734349,10.171752391898467,34.083243926560144,0.9788613095252333,0.09544067900734349
123,0.0023855106139947656,0.5865443456251807,10.183681222810963,34.09140433854673,0.9729357733935584,0.0954275559275462,10.183681222810963,34.09140433854673,0.9788259424143052,0.0954275559275462
124,0.0024031810629873192,0.5886519455556125,10.195696995703566,34.0996174422058,0.9728552546569187,0.09541439779133234,10.195696995703566,34.0996174422058,0.9787902246619309,0.09541439779133234
125,0.002420851511979873,0.5908086938644136,10.20782552040578,34.10790156457016,0.9727742805202226,0.09540118158496741,10.20782552040578,34.10790156457016,0.9787540925741478,0.09540118158496741
126,0.002438521960972427,0.5930143500507621,10.220053632614597,34.11624671896068,0.9726928817847079,0.095387920157535,10.220053632614597,34.11624671896068,0.9787175751751792,0.095387920157535
127,0.0024561924099649806,0.5952676145048036,10.232355469737929,34.12463415650349,0.9726111227881348,0.09537463792341791,10.232355469737929,34.12463415650349,0.9786807330227526,0.09537463792341791
128,0.0024738628589575347,0.5975713222549014,10.244762150088167,34.13308625421879,0.9725289200744446,0.09536131032195987,10.244762150088167,34.13308625421879,0.9786434893853537,0.09536131032195987
129,0.0024915333079500884,0.5999234140532621,10.257244130330875,34.14158254374094,0.9724463467686164,0.0953479697377665,10.257244130330875,34.14158254374094,0.9786059147769346,0.0953479697377665
130,0.002509203756942642,0.6023250874080645,10.269803450457074,34.150123136686446,0.9723633960049631,0.09533461017416626,10.269803450457074,34.150123136686446,0.978568001187175,0.09533461017416626
131,0.002526874205935196,0.6047798191856277,10.28248438326309,34.158741210762095,0.9722799482105952,0.09532120240118858,10.28248438326309,34.158741210762095,0.9785296410660839,0.09532120240118858
132,0.0025445446549277498,0.607282180706827,10.295211306721173,34.167381819426005,0.9721961985436163,0.09530781211256535,10.295211306721173,34.167381819426005,0.9784910157270462,0.09530781211256535
133,0.002562215103920304,0.6098358506885515,10.308029189953473,34.176077928022046,0.9721120258369067,0.09529440687371869,10.308029189953473,34.176077928022046,0.9784520151006046,0.09529440687371869
134,0.0025798855529128575,0.6124371473281516,10.320886423076022,34.18479208391532,0.9720275632016598,0.09528103138789001,10.320886423076022,34.18479208391532,0.9784127628476491,0.09528103138789001
135,0.002597556001905411,0.6150911229475526,10.333842046148575,34.193567009163004,0.9719426523267275,0.09526763990988134,10.333842046148575,34.193567009163004,0.9783731140705464,0.09526763990988134
136,0.0026152264508979652,0.6177932954897329,10.346845909091162,34.20236792410817,0.971857421489259,0.09525428386613825,10.346845909091162,34.20236792410817,0.978333191122459,0.09525428386613825
137,0.002632896899890519,0.6205408199225336,10.3598576096264,34.21116470640767,0.9717719762719357,0.09524099440553702,10.3598576096264,34.21116470640767,0.9782930904848651,0.09524099440553702
138,0.0026505673488830725,0.6233374953121885,10.372925680536214,34.21999318383179,0.9716861848783562,0.09522773861488357,10.372925680536214,34.21999318383179,0.9782526934387866,0.09522773861488357
139,0.0026682377978756266,0.6261802461839214,10.386022036513436,34.22883484558317,0.9716001183640435,0.09521454999682864,10.386022036513436,34.22883484558317,0.9782120698833008,0.09521454999682864
140,0.0026859082468681803,0.6290672004171424,10.399121604293596,34.23767087271845,0.9715138421330435,0.09520144785827302,10.399121604293596,34.23767087271845,0.9781712796108782,0.09520144785827302
141,0.0027035786958607344,0.6319958985058703,10.412208672816236,34.24649166431067,0.9714273948334916,0.09518845619223688,10.412208672816236,34.24649166431067,0.9781303627893787,0.09518845619223688
142,0.002721249144853288,0.6349674110417313,10.425297873440499,34.25530800679534,0.9713407355186428,0.09517556629918604,10.425297873440499,34.25530800679534,0.9780892832509758,0.09517556629918604
143,0.0027389195938458417,0.6379780779949,10.438362956568744,34.264102958565914,0.9712539316674107,0.09516281096904355,10.438362956568744,34.264102958565914,0.9780481080580388,0.09516281096904355
144,0.0027565900428383958,0.6410225073400134,10.451346797426169,34.27283499181923,0.9711671363195022,0.095150235321109,10.451346797426169,34.27283499181923,0.9780069775993468,0.095150235321109
145,0.0027742604918309494,0.6441020295496562,10.464288246791586,34.281535174051406,0.9710802416379095,0.0951378259005202,10.464288246791586,34.281535174051406,0.9779658005521461,0.0951378259005202
146,0.002791930940823503,0.6472082792089414,10.47710722932948,34.29014676196672,0.9709934633361057,0.09512565004146824,10.47710722932948,34.29014676196672,0.9779247767524236,0.09512565004146824
147,0.002809601389816057,0.6503388796214276,10.489798543878434,34.29866784635553,0.9709068147901837,0.09511372172451828,10.489798543878434,34.29866784635553,0.9778839230092684,0.09511372172451828
148,0.002827271838808611,0.6534914790467933,10.502353049452925,34.30709249333303,0.9708203204959006,0.09510205356506961,10.502353049452925,34.30709249333303,0.977843264220863,0.09510205356506961
149,0.002844942287801165,0.6566599887740892,10.514739231850545,34.3154022846617,0.9707340650467825,0.09509068847586878,10.514739231850545,34.3154022846617,0.9778028865997215,0.09509068847586878
150,0.0028626127367937185,0.6598326538520857,10.526859620374957,34.323528731633516,0.9706483156735,0.09507970883352757,10.526859620374957,34.323528731633516,0.9777630377649814,0.09507970883352757
151,0.002880283185786272,0.6630147564059309,10.538793265768833,34.331530275926795,0.9705628572704628,0.09506906289664141,10.538793265768833,34.331530275926795,0.9777235258612124,0.09506906289664141
152,0.0028979536347788263,0.6661869449366415,10.550378026913775,34.33929405816304,0.9704781361000853,0.09505888740372875,10.550378026913775,34.33929405816304,0.9776847645468192,0.09505888740372875
153,0.00291562408377138,0.6693456794736189,10.561621432577166,34.34682934911713,0.970394134188405,0.09504919345232057,10.561621432577166,34.34682934911713,0.9776467457724368,0.09504919345232057
154,0.002933294532763934,0.6724830258219718,10.57247591352028,34.354103842364,0.9703109869665014,0.09504002336714076,10.57247591352028,34.354103842364,0.9776095965331885,0.09504002336714076
155,0.0029509649817564877,0.6755906108461714,10.582903600517781,34.361094643455566,0.9702288033460724,0.09503142172090834,10.582903600517781,34.361094643455566,0.977573424415827,0.09503142172090834
156,0.0029686354307490413,0.6786533020778017,10.592804590263917,34.36773459574642,0.9701478657538382,0.09502347860874095,10.592804590263917,34.36773459574642,0.9775384945208364,0.09502347860874095
157,0.0029863058797415954,0.6816667302236138,10.602187546256534,34.37403376234931,0.970068157337831,0.09501620201659006,10.602187546256534,34.37403376234931,0.9775047994171355,0.09501620201659006
158,0.003003976328734149,0.6846089706731555,10.610885943249189,34.37987628977765,0.9699901509466236,0.09500972174013234,10.610885943249189,34.37987628977765,0.9774727730205062,0.09500972174013234
159,0.0030216467777267027,0.6874732252702348,10.61890395036091,34.385271009223516,0.969913845181584,0.09500405634785453,10.61890395036091,34.385271009223516,0.9774424256558725,0.09500405634785453
160,0.003039317226719257,0.6902457896331944,10.626158956053173,34.39016147923756,0.9698394839828723,0.09499927039605952,10.626158956053173,34.39016147923756,0.9774139819603301,0.09499927039605952
161,0.0030569876757118104,0.6929023577248394,10.6325014440553,34.39444873872705,0.9697675001441818,0.09499549674673166,10.6325014440553,34.39444873872705,0.9773878475768479,0.09499549674673166
162,0.0030746581247043645,0.6954392871550337,10.637950964894763,34.39814925865398,0.9696978566258687,0.0949927243215468,10.637950964894763,34.39814925865398,0.9773639921807799,0.0949927243215468
163,0.003092328573696918,0.6978317186582426,10.642341196617878,34.40114869624473,0.9696310405892096,0.09499108137192083,10.642341196617878,34.40114869624473,0.9773428622630613,0.09499108137192083
164,0.003109999022689472,0.7000658974576937,10.645624603425665,34.40342044504435,0.9695672073741294,0.09499062025191812,10.645624603425665,34.40342044504435,0.9773246097467516,0.09499062025191812
165,0.003127669471682026,0.7021192389286772,10.647656260590077,34.40486390652324,0.9695067913824232,0.09499144579584412,10.647656260590077,34.40486390652324,0.9773096291093659,0.09499144579584412
166,0.0031453399206745796,0.703969822572524,10.648308679863971,34.40539385266721,0.9694501815574448,0.09499365684411763,10.648308679863971,34.40539385266721,0.9772982777940442,0.09499365684411763
167,0.0031630103696671337,0.7055966830884316,10.647466562252701,34.404932506176856,0.9693977349917127,0.09499734233663285,10.647466562252701,34.404932506176856,0.9772908827516416,0.09499734233663285
168,0.0031806808186596873,0.7069776485836125,10.64501612498938,34.40340598457585,0.9693498069644487,0.09500259867463562,10.64501612498938,34.40340598457585,0.9772877740372315,0.09500259867463562
169,0.003198351267652241,0.7080692445137579,10.64065636844493,34.400605641326074,0.9693072900755608,0.09500965190615564,10.64065636844493,34.400605641326074,0.9772897627465392,0.09500965190615564
170,0.003216021716644795,0.708825313804499,10.6341000689419,34.396337138345835,0.9692710402707487,0.09501874253351622,10.6341000689419,34.396337138345835,0.9772976375699758,0.09501874253351622
171,0.0032336921656373487,0.7091733362954765,10.624883879789648,34.39028675847597,0.9692424189047179,0.0950302716070818,10.624883879789648,34.39028675847597,0.9773126576924853,0.0950302716070818
172,0.0032513626146299024,0.7089854162769126,10.612186727449341,34.38189980874564,0.9692238109353492,0.09504497756817411,10.612186727449341,34.38189980874564,0.9773370405838626,0.09504497756817411
173,0.0032690330636224564,0.7079870146872437,10.594204391928828,34.36995097125898,0.96922041466035,0.09506449147823612,10.594204391928828,34.36995097125898,0.9773756198189962,0.09506449147823612
174,0.00328670351261501,0.7053169735137491,10.565400571262318,34.35071248954608,0.969248073235466,0.09509404418518372,10.565400571262318,34.35071248954608,0.9774432380503706,0.09509404418518372
