,Transformation parameter epsilon,RMS CML IM-III,Parameter A,Parameter tau,Parameter C,Parameter alpha,Inverse parameter A,Inverse parameter gamma,Inverse parameter C,Inverse parameter alpha
0,0.0,0.20326334319391692,0.029450293594056882,-12.846854115006105,0.9994953116886637,0.06420487729706151,0.029450293594056882,-12.846854115006105,0.9994953116886637,0.06420487729706151
1,0.0003653068070734702,0.20318790983290777,0.028389436567288578,-13.361798663595332,0.9995002565970896,0.06425746000297376,0.028389436567288578,-13.361798663595332,0.9995102037350905,0.06425746000297376
2,0.0007306136141469404,0.20299949990680036,0.024009630100143915,-15.833364289948321,0.999564119865363,0.06436992800926952,0.024009630100143915,-15.833364289948321,0.9995810921808796,0.06436992800926952
3,0.0010959204212204106,0.20107168194050884,0.0030449888876006295,-47.25315208680744,0.9999420085214531,0.06474637016868069,0.0030449888876006295,-47.25315208680744,0.9999453372890375,0.06474637016868069
4,0.0014612272282938808,0.2026423798592095,0.013490834202072347,-24.595494875001627,0.9997432557224002,0.06449873902820305,0.013490834202072347,-24.595494875001627,0.999762544894713,0.06449873902820305
5,0.001826534035367351,0.20152443041402512,0.00958949134247241,-29.758186624324964,0.9998127898353476,0.06459188883718373,0.00958949134247241,-29.758186624324964,0.999830049488016,0.06459188883718373
6,0.002191840842440821,0.20155212883136298,0.01038598085523918,-28.532074482134142,0.9997935037882391,0.06458703779042556,0.01038598085523918,-28.532074482134142,0.9998159237861062,0.06458703779042556
7,0.0025571476495142914,0.20043407104419175,0.004055096712197908,-42.682577665919524,0.9999159656355698,0.06484845824826795,0.004055096712197908,-42.682577665919524,0.9999263785438631,0.06484845824826795
8,0.0029224544565877616,0.2010983827134153,0.010249568409682351,-28.670724536241522,0.9997876459785959,0.06464079281969944,0.010249568409682351,-28.670724536241522,0.9998172518039682,0.06464079281969944
9,0.003287761263661232,0.20123992793220016,0.011783733514676842,-26.546586359464683,0.9997519455135948,0.06461809948478871,0.011783733514676842,-26.546586359464683,0.999790163698889,0.06461809948478871
10,0.003653068070734702,0.20045841956608007,0.013431384893317242,-24.353288908021845,0.9997078280779782,0.06476519883793505,0.013431384893317242,-24.353288908021845,0.9997566944850019,0.06476519883793505
11,0.004018374877808172,0.19945939188053294,0.0033200829181591015,-45.63655123705317,0.9999258672186899,0.06493250035205378,0.0033200829181591015,-45.63655123705317,0.9999393434899785,0.06493250035205378
12,0.004383681684881642,0.20073425689872432,0.009828826964017929,-29.17466382380967,0.9997799360969483,0.06475102626490604,0.009828826964017929,-29.17466382380967,0.9998228565753995,0.06475102626490604
13,0.004748988491955113,0.2017337534863807,0.025974965954784122,-14.383132204081274,0.9994114770973085,0.06460508451571395,0.025974965954784122,-14.383132204081274,0.9995326236861074,0.06460508451571395
14,0.005114295299028583,0.19934394662636684,0.008900777488324288,-30.608378734807978,0.9997929427672956,0.06482948966709293,0.008900777488324288,-30.608378734807978,0.9998385230229555,0.06482948966709293
15,0.0054796021061020534,0.19970110336495206,0.011098478703509898,-27.2666566546462,0.9997385793738158,0.06478522901121284,0.011098478703509898,-27.2666566546462,0.9997992605491832,0.06478522901121284
16,0.005844908913175523,0.19908197084457988,0.008944379516906846,-30.47374590783067,0.9997847064546845,0.06487351297426938,0.008944379516906846,-30.47374590783067,0.9998372200177525,0.06487351297426938
17,0.006210215720248993,0.1985310950298173,0.015191641669799572,-22.30028367590579,0.9996266350168098,0.0649046720697867,0.015191641669799572,-22.30028367590579,0.9997214305835403,0.0649046720697867
18,0.006575522527322464,0.20001862784311836,0.02354184762727651,-15.7136164874699,0.9994165992642767,0.0647788480182526,0.02354184762727651,-15.7136164874699,0.9995705177583564,0.0647788480182526
19,0.006940829334395934,0.19908874501517027,0.02106779356060478,-17.345283173155917,0.9994680653192513,0.06484753907876517,0.02106779356060478,-17.345283173155917,0.9996142193837678,0.06484753907876517
20,0.007306136141469404,0.19601434218151334,0.008757984246813824,-30.531075548185477,0.9997728594169288,0.06508549945351698,0.008757984246813824,-30.531075548185477,0.9998380481105547,0.06508549945351698
21,0.007671442948542874,0.19784018312116955,0.017516098670914415,-20.049854710623205,0.9995419735782394,0.06496058611693957,0.017516098670914415,-20.049854710623205,0.9996774550825644,0.06496058611693957
22,0.008036749755616345,0.19506130709434208,0.008198705849672553,-31.46790296882026,0.999780636992833,0.06514271501929521,0.008198705849672553,-31.46790296882026,0.999848040738198,0.06514271501929521
23,0.008402056562689815,0.19382503397310885,0.005505783454920717,-37.48335765843655,0.999850213750413,0.06520660655309425,0.005505783454920717,-37.48335765843655,0.9998977681704843,0.06520660655309425
24,0.008767363369763284,0.19580475613123202,0.015291702321062434,-22.00623343465374,0.9995808126011831,0.06507175551772199,0.015291702321062434,-22.00623343465374,0.9997170695549854,0.06507175551772199
25,0.009132670176836754,0.1946798581603982,0.007834638216579315,-32.18992825597919,0.9997824153567287,0.06512141209922849,0.007834638216579315,-32.18992825597919,0.9998555175182974,0.06512141209922849
26,0.009497976983910226,0.19657544423227946,0.022861365757025326,-15.949215548705569,0.9993589775376875,0.06498400287414853,0.022861365757025326,-15.949215548705569,0.999577912801653,0.06498400287414853
27,0.009863283790983696,0.19213184445745232,0.007453852475717916,-32.76017888918796,0.9997855129178608,0.06527068054239908,0.007453852475717916,-32.76017888918796,0.9998613875896147,0.06527068054239908
28,0.010228590598057166,0.19315110986687484,0.009347845720970771,-29.45314522985593,0.9997297087100855,0.06515012792019495,0.009347845720970771,-29.45314522985593,0.999827516564684,0.06515012792019495
29,0.010593897405130635,0.19243865220954412,0.007712018374353605,-32.30386358840723,0.9997734012082766,0.06521917253717624,0.007712018374353605,-32.30386358840723,0.9998574334326581,0.06521917253717624
30,0.010959204212204107,0.19230800453077584,0.014344516322937538,-22.804019627793807,0.999572005596201,0.06522835685699857,0.014344516322937538,-22.804019627793807,0.9997335217620765,0.06522835685699857
31,0.011324511019277577,0.1914553583338156,0.008188953972300541,-31.34707510639001,0.9997530602480703,0.06524928749800632,0.008188953972300541,-31.34707510639001,0.9998486255978225,0.06524928749800632
32,0.011689817826351047,0.1919139116321402,0.01119658531978191,-26.647597374993328,0.9996594511544734,0.06518339147770581,0.01119658531978191,-26.647597374993328,0.9997935989474136,0.06518339147770581
33,0.012055124633424516,0.18782229574429896,0.005890125767990174,-36.14157724157327,0.9998162849736276,0.0654328547633701,0.005890125767990174,-36.14157724157327,0.9998904036671303,0.0654328547633701
34,0.012420431440497986,0.18747311535647115,0.0069833722850695485,-33.53601155555268,0.9997795636562786,0.06543843679605865,0.0069833722850695485,-33.53601155555268,0.9998701142232123,0.06543843679605865
35,0.012785738247571458,0.18915751097327813,0.00964001548587626,-28.78799553622978,0.999694482296402,0.06530403050595653,0.00964001548587626,-28.78799553622978,0.9998218925175765,0.06530403050595653
36,0.013151045054644928,0.18699377779382725,0.008540131195254113,-30.432347323705663,0.999723889231289,0.06546111952823098,0.008540131195254113,-30.432347323705663,0.9998413168429806,0.06546111952823098
37,0.013516351861718397,0.18696360157799913,0.012017968890349447,-25.270765704617524,0.9996075147785084,0.06542757239525847,0.012017968890349447,-25.270765704617524,0.9997767753066851,0.06542757239525847
38,0.013881658668791867,0.18837309580649458,0.018195749036840837,-19.038266057295996,0.9994007689587726,0.06534956851943743,0.018195749036840837,-19.038266057295996,0.9996622016391137,0.06534956851943743
39,0.014246965475865339,0.1852657348267559,0.011110822620083236,-26.395663288004556,0.9996282329440668,0.06548620458183009,0.011110822620083236,-26.395663288004556,0.9997938754077372,0.06548620458183009
40,0.014612272282938809,0.18357013889269497,0.008147779632497241,-31.032229707929684,0.9997237392289275,0.06555550259431873,0.008147779632497241,-31.032229707929684,0.9998490034756163,0.06555550259431873
41,0.014977579090012278,0.18316814360790573,0.008786806055605017,-29.85146392944332,0.9996985399439909,0.0655778418960963,0.008786806055605017,-29.85146392944332,0.9998372238986071,0.0655778418960963
42,0.015342885897085748,0.18200345610276117,0.007236825460958011,-32.75737144293718,0.9997488510211847,0.06561425870648492,0.007236825460958011,-32.75737144293718,0.9998661932025429,0.06561425870648492
43,0.01570819270415922,0.18320394106233612,0.008771235350225082,-29.968016935348647,0.9996940753037457,0.06550913116445885,0.008771235350225082,-29.968016935348647,0.9998385628317442,0.06550913116445885
44,0.01607349951123269,0.18278941727574702,0.008498369407510002,-30.415135411774603,0.9997002920001974,0.06553236147604925,0.008498369407510002,-30.415135411774603,0.9998438214678456,0.06553236147604925
45,0.01643880631830616,0.18232172875439823,0.014039991047926869,-22.71953566826851,0.9994979195429946,0.0655776078632248,0.014039991047926869,-22.71953566826851,0.9997409012770111,0.0655776078632248
46,0.01680411312537963,0.18148105927396915,0.008867325869076554,-29.71864986875307,0.9996804259407162,0.0655702482047386,0.008867325869076554,-29.71864986875307,0.9998374009312567,0.0655702482047386
47,0.0171694199324531,0.18063736097258257,0.014566871350387997,-22.12434403890003,0.999467950205005,0.0656115218368661,0.014566871350387997,-22.12434403890003,0.9997317708050341,0.0656115218368661
48,0.01753472673952657,0.1772539748535453,0.007126206862713257,-32.81421366450835,0.9997360476970191,0.06574840960931592,0.007126206862713257,-32.81421366450835,0.9998693389253495,0.06574840960931592
49,0.01790003354660004,0.17653182347291996,0.007198868911213838,-32.63369662395068,0.9997305944008944,0.06576807296602653,0.007198868911213838,-32.63369662395068,0.9998682399303631,0.06576807296602653
50,0.01826534035367351,0.17535140552894765,0.006035495104026147,-35.24740812942633,0.9997716125288305,0.06581303077573282,0.006035495104026147,-35.24740812942633,0.9998897778171871,0.06581303077573282
51,0.018630647160746982,0.1750030360198867,0.00724040992388994,-32.49016002913726,0.9997234693113802,0.0658100517561794,0.00724040992388994,-32.49016002913726,0.999867986925537,0.0658100517561794
52,0.01899595396782045,0.17381239955704095,0.006059166837117706,-35.13900203393855,0.999766139891843,0.06584906961035361,0.006059166837117706,-35.13900203393855,0.9998898227526913,0.06584906961035361
53,0.01936126077489392,0.17603148903826207,0.008753046426164042,-29.717834103428892,0.9996608154161168,0.06572379492448992,0.008753046426164042,-29.717834103428892,0.9998412857490018,0.06572379492448992
54,0.01972656758196739,0.1725444948218195,0.0071260243344567625,-32.64409509884098,0.9997196110665136,0.06587615304032989,0.0071260243344567625,-32.64409509884098,0.999870912703617,0.06587615304032989
55,0.02009187438904086,0.1707108603317445,0.0039438982066038,-41.51937770630328,0.9998431431709033,0.06594039495692393,0.0039438982066038,-41.51937770630328,0.999928878290366,0.06594039495692393
56,0.02045718119611433,0.17096257516435218,0.006772670611335758,-33.345186005099904,0.9997282597162123,0.06592645386755541,0.006772670611335758,-33.345186005099904,0.9998779463346241,0.06592645386755541
57,0.0208224880031878,0.17039224657026192,0.007534495649199757,-31.718844934990482,0.9996949115233463,0.06593598512148033,0.007534495649199757,-31.718844934990482,0.9998644881022818,0.06593598512148033
58,0.02118779481026127,0.1690972090706079,0.005928139855040671,-35.29506863104477,0.999757602703022,0.06597605916182052,0.005928139855040671,-35.29506863104477,0.999893797705364,0.06597605916182052
59,0.02155310161733474,0.16841316591467081,0.005901751563777441,-35.3226896570782,0.9997563743263166,0.06600310117966723,0.005901751563777441,-35.3226896570782,0.9998945898733833,0.06600310117966723
60,0.021918408424408214,0.1677329991076408,0.006621118336006417,-33.575966007098515,0.9997242731386952,0.066009985653308,0.006621118336006417,-33.575966007098515,0.9998819872299828,0.066009985653308
61,0.022283715231481684,0.16798845470701548,0.00880096914738946,-29.27515974952133,0.9996303645434347,0.06600361498591444,0.00880096914738946,-29.27515974952133,0.9998433660616172,0.06600361498591444
62,0.022649022038555153,0.1661595465902756,0.006537116525709895,-33.71239361350525,0.9997228175464397,0.06605194362307336,0.006537116525709895,-33.71239361350525,0.9998842019321927,0.06605194362307336
63,0.023014328845628623,0.16478411993016642,0.004126698047613724,-40.588651024241024,0.9998233309950738,0.06610520387067534,0.004126698047613724,-40.588651024241024,0.99992731565998,0.06610520387067534
64,0.023379635652702093,0.16441366216686898,0.005669195342319584,-35.792068956593354,0.9997552702370317,0.06610479952855676,0.005669195342319584,-35.792068956593354,0.9999003203346339,0.06610479952855676
65,0.023744942459775563,0.1656295007020681,0.011087009374894539,-25.725804012610453,0.9995179776657064,0.06605212297062467,0.011087009374894539,-25.725804012610453,0.9998047159106014,0.06605212297062467
66,0.024110249266849033,0.1635066871784074,0.006720867206161303,-33.17780788563254,0.999704864459444,0.06613407609111635,0.006720867206161303,-33.17780788563254,0.999882571702964,0.06613407609111635
67,0.024475556073922503,0.1630535269342682,0.00786608112717756,-30.800003354009686,0.9996517570208795,0.066137304726757,0.00786608112717756,-30.800003354009686,0.9998628668798312,0.066137304726757
68,0.024840862880995972,0.16154159636105558,0.005105822944647114,-37.239103138055576,0.9997718401661781,0.06619729047721033,0.005105822944647114,-37.239103138055576,0.9999116106672186,0.06619729047721033
69,0.025206169688069446,0.16049561513910798,0.0030978603536454467,-44.73976717734405,0.9998604340733867,0.06622386214002056,0.0030978603536454467,-44.73976717734405,0.9999466874731772,0.06622386214002056
70,0.025571476495142915,0.16049413806243784,0.006186539934862327,-34.299662506389765,0.999718935458843,0.0662281220938456,0.006186539934862327,-34.299662506389765,0.9998936197811451,0.0662281220938456
71,0.025936783302216385,0.15992743795668057,0.0060222273074742785,-34.68239919237483,0.9997242140366558,0.06624394217272131,0.0060222273074742785,-34.68239919237483,0.9998969056360425,0.06624394217272131
72,0.026302090109289855,0.1588367200032852,0.004636454644500809,-38.57263897801463,0.9997858753241587,0.06628137861876418,0.004636454644500809,-38.57263897801463,0.9999210962206752,0.06628137861876418
73,0.026667396916363325,0.15809699794904164,0.004177295989063726,-40.10275647312099,0.999805479396025,0.06630977776536838,0.004177295989063726,-40.10275647312099,0.9999292678663447,0.06630977776536838
74,0.027032703723436795,0.15809545713227707,0.005896830258909183,-34.91240023901572,0.9997233533668541,0.06630619039322382,0.005896830258909183,-34.91240023901572,0.999900401633264,0.06630619039322382
75,0.027398010530510265,0.15763379243422018,0.0064381345964955854,-33.57563065901172,0.9996956195109236,0.06631731504615863,0.0064381345964955854,-33.57563065901172,0.9998916510875074,0.06631731504615863
76,0.027763317337583734,0.15772270850155537,0.008468997720841278,-29.457258715015477,0.9995966813292092,0.06630921345114756,0.008468997720841278,-29.457258715015477,0.9998577430420216,0.06630921345114756
77,0.028128624144657204,0.156862599661415,0.007226997579001368,-31.794699451232628,0.9996530314492663,0.06634642811182398,0.007226997579001368,-31.794699451232628,0.999879410971902,0.06634642811182398
78,0.028493930951730678,0.15709927003934437,0.009285339685674406,-28.02469753942953,0.9995509538009586,0.06634245205678825,0.009285339685674406,-28.02469753942953,0.9998454582050417,0.06634245205678825
79,0.028859237758804147,0.15575117789488008,0.006457319918363212,-33.42228943895528,0.9996851596510689,0.06639499295175086,0.006457319918363212,-33.42228943895528,0.9998934596026602,0.06639499295175086
80,0.029224544565877617,0.15497129622860198,0.005039906726008092,-37.08786437594813,0.999752276798509,0.06643827452936985,0.005039906726008092,-37.08786437594813,0.9999174886373906,0.06643827452936985
81,0.029589851372951087,0.15493432560198128,0.006439796366064426,-33.40934305724456,0.9996812727537334,0.06643336355532638,0.006439796366064426,-33.40934305724456,0.9998948793105933,0.06643336355532638
82,0.029955158180024557,0.1546333410146842,0.0066669739784301785,-32.86152794466379,0.9996675720561663,0.06645174241110437,0.0066669739784301785,-32.86152794466379,0.9998917570894011,0.06645174241110437
83,0.030320464987098027,0.15371728530904766,0.004470264364658369,-38.80277320884637,0.9997753667049665,0.06649747382790332,0.004470264364658369,-38.80277320884637,0.9999281011041953,0.06649747382790332
84,0.030685771794171497,0.15380715045548285,0.006739682187982748,-32.649698419235456,0.9996590180962153,0.06648808283499504,0.006739682187982748,-32.649698419235456,0.9998917776495444,0.06648808283499504
85,0.031051078601244966,0.15356377092553325,0.007204921917415839,-31.627922735549294,0.9996328753029797,0.06650161756025398,0.007204921917415839,-31.627922735549294,0.999884906227147,0.06650161756025398
86,0.03141638540831844,0.15276112770679018,0.005028670627944535,-36.96018606264843,0.9997418141822597,0.06654779189227313,0.005028670627944535,-36.96018606264843,0.9999205003794951,0.06654779189227313
87,0.031781692215391906,0.1523771785344953,0.004910193519066824,-37.28834342175146,0.9997460984223161,0.06656813807034719,0.004910193519066824,-37.28834342175146,0.9999228775115965,0.06656813807034719
88,0.03214699902246538,0.15196380054646957,0.004828230792154319,-37.512011902999554,0.9997485742893609,0.06658853782576005,0.004828230792154319,-37.512011902999554,0.999924661878678,0.06658853782576005
89,0.032512305829538846,0.1520815482169633,0.006740353546998585,-32.51643261817792,0.99964669433283,0.06658165246861243,0.006740353546998585,-32.51643261817792,0.999895096703459,0.06658165246861243
90,0.03287761263661232,0.15164502988432244,0.006011951971895123,-34.188575114008145,0.9996826287345825,0.06661112441379644,0.006011951971895123,-34.188575114008145,0.9999072294270838,0.06661112441379644
91,0.033242919443685785,0.15142910713000715,0.006616480856083785,-32.73857205293647,0.999648364751958,0.06662120031428208,0.006616480856083785,-32.73857205293647,0.9998984449549922,0.06662120031428208
92,0.03360822625075926,0.15110444747713683,0.006505338338170574,-32.96470516024684,0.999651911771877,0.06664070590866919,0.006505338338170574,-32.96470516024684,0.9999008725171709,0.06664070590866919
93,0.03397353305783273,0.15097441126562258,0.00621453226702836,-33.70491567633041,0.999665755873011,0.06660046804357707,0.00621453226702836,-33.70491567633041,0.9999054899335286,0.06660046804357707
94,0.0343388398649062,0.15030716799637947,0.005624597498584891,-35.077672081878426,0.9996949313217007,0.06668735842343722,0.005624597498584891,-35.077672081878426,0.9999156866963493,0.06668735842343722
95,0.03470414667197967,0.14937414930910264,0.003008970365552903,-44.41089172200743,0.9998357376230018,0.06671419104903227,0.003008970365552903,-44.41089172200743,0.9999553719906425,0.06671419104903227
96,0.03506945347905314,0.1497652430656431,0.005849848864611006,-34.44272532190051,0.9996785181770488,0.06672005453751302,0.005849848864611006,-34.44272532190051,0.9999135722402533,0.06672005453751302
97,0.03543476028612661,0.14920562404157164,0.004413938982440856,-38.60357262751217,0.9997557717459304,0.06675707588060868,0.004413938982440856,-38.60357262751217,0.9999355442054702,0.06675707588060868
98,0.03580006709320008,0.14946659688902572,0.006806358789844316,-32.120166054530934,0.999620969262706,0.06675833725337385,0.006806358789844316,-32.120166054530934,0.9999009553970007,0.06675833725337385
99,0.03616537390027355,0.14861885562173774,0.004295309498268806,-38.9405826854589,0.9997591788505815,0.06680412384366924,0.004295309498268806,-38.9405826854589,0.9999383740020327,0.06680412384366924
100,0.03653068070734702,0.14891141224493737,0.006707525305092186,-32.30394764721254,0.9996217946907161,0.0667831062096254,0.006707525305092186,-32.30394764721254,0.9999038899056683,0.0667831062096254
101,0.03689598751442049,0.14814093557648278,0.004592680884493793,-37.90755595797518,0.9997393139311614,0.06682549708995501,0.004592680884493793,-37.90755595797518,0.9999350948427499,0.06682549708995501
102,0.037261294321493964,0.14774616757057998,0.003833055466144235,-40.57431158873115,0.9997810567491427,0.06684879090650862,0.003833055466144235,-40.57431158873115,0.9999464034765435,0.06684879090650862
103,0.03762660112856743,0.14753236767769862,0.004119931156650518,-39.47600934131056,0.9997632199346288,0.06686179614285108,0.004119931156650518,-39.47600934131056,0.999942850465086,0.06686179614285108
104,0.0379919079356409,0.1477107265648293,0.005990557273723199,-33.88345562512416,0.9996536499693939,0.06686028085703126,0.005990557273723199,-33.88345562512416,0.9999172731955576,0.06686028085703126
105,0.03835721474271437,0.1472516495399475,0.0051770289037673485,-36.022078823407334,0.9996987924135986,0.0668893963752746,0.0051770289037673485,-36.022078823407334,0.9999293470768931,0.0668893963752746
106,0.03872252154978784,0.14686179750977704,0.004307949384173467,-38.72535693378257,0.9997478011573648,0.06691601042299537,0.004307949384173467,-38.72535693378257,0.9999419282870259,0.06691601042299537
107,0.03908782835686131,0.14695630015031666,0.005881934512474335,-34.07852721474676,0.9996536573065627,0.06691393930696762,0.005881934512474335,-34.07852721474676,0.9999210958851901,0.06691393930696762
108,0.03945313516393478,0.14665550608585462,0.005695591688441391,-34.53122253583721,0.9996626040054737,0.06693344718870892,0.005695591688441391,-34.53122253583721,0.9999243876965499,0.06693344718870892
109,0.03981844197100825,0.14606977941444718,0.0036282805490554897,-41.224223469400435,0.999783795930087,0.06695654532119341,0.0036282805490554897,-41.224223469400435,0.9999524993760123,0.06695654532119341
110,0.04018374877808172,0.14582471360714916,0.0034753624829182124,-41.84749982658051,0.9997917192060447,0.0669683142755098,0.0034753624829182124,-41.84749982658051,0.9999549598933416,0.0669683142755098
111,0.040549055585155196,0.14556494532744885,0.003873112004274674,-40.180078989996915,0.9997664185378283,0.06700311654127764,0.003873112004274674,-40.180078989996915,0.9999504416038939,0.06700311654127764
112,0.04091436239222866,0.145205736695675,0.003049367508565491,-43.706254243471705,0.999815011334379,0.06702762331916724,0.003049367508565491,-43.706254243471705,0.9999615163459851,0.06702762331916724
113,0.041279669199302135,0.14537137535722616,0.004057341640811779,-39.47576821559044,0.9997526078752185,0.06700596226895206,0.004057341640811779,-39.47576821559044,0.9999489855812672,0.06700596226895206
114,0.0416449760063756,0.144840935486156,0.0030476507456358745,-43.687051815028376,0.9998130435775989,0.06704325885978453,0.0030476507456358745,-43.687051815028376,0.9999622896564024,0.06704325885978453
115,0.042010282813449075,0.14543855833332872,0.006597077406913848,-32.179297265888955,0.9995929968676017,0.06704095460041379,0.006597077406913848,-32.179297265888955,0.9999186677491055,0.06704095460041379
116,0.04237558962052254,0.14444834884188365,0.0028463701238886875,-44.63912904775917,0.9998233755025122,0.06708305530311896,0.0028463701238886875,-44.63912904775917,0.9999656808097374,0.06708305530311896
117,0.042740896427596015,0.14439658908179562,0.0036205586877749926,-41.0603398416909,0.9997741421312754,0.0670795210925052,0.0036205586877749926,-41.0603398416909,0.999956637918444,0.0670795210925052
118,0.04310620323466948,0.1448363184339461,0.006381623928623703,-32.597368042242685,0.9995995858035658,0.06709299883107854,0.006381623928623703,-32.597368042242685,0.9999242175449868,0.06709299883107854
119,0.043471510041742954,0.1444989946381402,0.005485252776452814,-34.8135153866682,0.9996538941801958,0.06711746062928949,0.005485252776452814,-34.8135153866682,0.9999359077703391,0.06711746062928949
120,0.04383681684881643,0.14443155497560936,0.0060505920843550946,-33.33464779172927,0.9996161174903739,0.06713046918295076,0.0060505920843550946,-33.33464779172927,0.9999301013281136,0.06713046918295076
121,0.044202123655889894,0.14370429378401794,0.003457619348065927,-41.629358411196314,0.9997794613532188,0.06715174411423012,0.003457619348065927,-41.629358411196314,0.9999607777777578,0.06715174411423012
122,0.04456743046296337,0.14361048644008648,0.0033527369965444553,-42.058911843960225,0.9997849886310095,0.06716777633474437,0.0033527369965444553,-42.058911843960225,0.9999625281743801,0.06716777633474437
123,0.044932737270036834,0.14352564936644288,0.0039907097085984744,-39.42321089015926,0.9997426112789364,0.0671980714075142,0.0039907097085984744,-39.42321089015926,0.9999561135460758,0.0671980714075142
124,0.04529804407711031,0.14341842047438383,0.004367001065860455,-38.06810991806335,0.9997168500533026,0.06720849163128945,0.004367001065860455,-38.06810991806335,0.9999525508548651,0.06720849163128945
125,0.04566335088418377,0.1434289953808236,0.00495690796242294,-36.16792333188112,0.9996769049535977,0.06721848207268055,0.00495690796242294,-36.16792333188112,0.9999468157067879,0.06721848207268055
126,0.046028657691257246,0.14306596905172547,0.0035291490108549707,-41.15085570956993,0.9997686612356047,0.06726062883726101,0.0035291490108549707,-41.15085570956993,0.9999630785238157,0.06726062883726101
127,0.04639396449833071,0.1430456702024489,0.00385997978599418,-39.81743887031759,0.9997457267370201,0.06725990844279012,0.00385997978599418,-39.81743887031759,0.999960078073386,0.06725990844279012
128,0.046759271305404186,0.14285198162618012,0.0038234549428544018,-39.93578470352065,0.9997468100228128,0.06727606522792157,0.0038234549428544018,-39.93578470352065,0.999961049539617,0.06727606522792157
129,0.04712457811247766,0.14287295249916587,0.00412357636132611,-38.79017002807395,0.9997255233164134,0.0672892219412422,0.00412357636132611,-38.79017002807395,0.9999586622150446,0.0672892219412422
130,0.047489884919551126,0.14245129415653604,0.002332286492026703,-47.21094160198723,0.9998439548756086,0.0673139303370679,0.002332286492026703,-47.21094160198723,0.9999771652857216,0.0673139303370679
131,0.0478551917266246,0.14266630325544663,0.003928506894257916,-39.47399572801976,0.9997358460590214,0.0673103328228933,0.003928506894257916,-39.47399572801976,0.9999618348906284,0.0673103328228933
132,0.048220498533698065,0.14249437890795938,0.00325539979773684,-42.211312283930305,0.9997799554941849,0.06734310842558541,0.00325539979773684,-42.211312283930305,0.9999691818227663,0.06734310842558541
133,0.04858580534077154,0.14228249383374367,0.0025388999286317803,-45.86644509084348,0.9998275141879333,0.06736341811590071,0.0025388999286317803,-45.86644509084348,0.9999764794311259,0.06736341811590071
134,0.048951112147845005,0.1427799147205754,0.005408687269543716,-34.66310348398865,0.9996307718305412,0.06735171764977452,0.005408687269543716,-34.66310348398865,0.9999500717782482,0.06735171764977452
135,0.04931641895491848,0.14257014695670225,0.004570887585909802,-37.12424402679743,0.9996863901069486,0.0673743072746855,0.004570887585909802,-37.12424402679743,0.9999587980110615,0.0673743072746855
136,0.049681725761991945,0.14261437441634803,0.005008534332236529,-35.75059639351339,0.9996546694247087,0.06738516664658042,0.005008534332236529,-35.75059639351339,0.9999556368969182,0.06738516664658042
137,0.05004703256906542,0.14249609898316154,0.00465977374079981,-36.79402762739445,0.9996771288763737,0.06740239262612205,0.00465977374079981,-36.79402762739445,0.9999596174872886,0.06740239262612205
138,0.05041233937613889,0.14232328473681546,0.0036062341223699937,-40.55086412599431,0.9997488816600193,0.06742786971091576,0.0036062341223699937,-40.55086412599431,0.999969632803775,0.06742786971091576
139,0.05077764618321236,0.14227573289603063,0.0034316670797820896,-41.26086398334358,0.999759876905236,0.06744291527231859,0.0034316670797820896,-41.26086398334358,0.9999717494327867,0.06744291527231859
140,0.05114295299028583,0.1422099939283578,0.0035098577567873766,-40.907764027707756,0.9997532228551025,0.06745597718395857,0.0035098577567873766,-40.907764027707756,0.9999716880497898,0.06745597718395857
141,0.0515082597973593,0.14250220449354462,0.00480917962811447,-36.233915337180925,0.9996602675018333,0.06745902629195082,0.00480917962811447,-36.233915337180925,0.999961824162425,0.06745902629195082
142,0.05187356660443277,0.14219643001678953,0.002768243308102948,-44.345768588419546,0.9998034530833345,0.06750139781541475,0.002768243308102948,-44.345768588419546,0.9999789385600232,0.06750139781541475
143,0.05260418021857971,0.1424429226931156,0.004072939585613039,-38.61183792473049,0.9997081422032686,0.06750970365650621,0.004072939585613039,-38.61183792473049,0.9999701549614465,0.06750970365650621
144,0.05296948702565318,0.14233972229277003,0.0029893804593152293,-43.147523181780976,0.9997847669140375,0.06753433612316778,0.0029893804593152293,-43.147523181780976,0.9999788745538668,0.06753433612316778
145,0.05333479383272665,0.1420889361192345,0.0016499913516056274,-51.9116470123348,0.9998806527365844,0.06755236834863683,0.0016499913516056274,-51.9116470123348,0.9999887182160184,0.06755236834863683
146,0.05370010063980012,0.142252300252769,0.0023884204642881904,-46.430222622450806,0.9998264561966697,0.06755614816043845,0.0023884204642881904,-46.430222622450806,0.9999840036893634,0.06755614816043845
147,0.05406540744687359,0.1425476809966124,0.003405482199478688,-41.159634875677234,0.9997514038974468,0.06756889763145887,0.003405482199478688,-41.159634875677234,0.9999777875618684,0.06756889763145887
148,0.05443071425394706,0.14230067196870003,0.0020854372497594634,-48.389483331775295,0.9998470811409434,0.06758297959018782,0.0020854372497594634,-48.389483331775295,0.9999868484973643,0.06758297959018782
149,0.05479602106102053,0.1428121679978057,0.004007249568015122,-38.71433947595999,0.9997048068885062,0.06759165540172477,0.004007249568015122,-38.71433947595999,0.9999753241270244,0.06759165540172477
150,0.055161327868094,0.1425394585842911,0.001798521986997751,-50.51162134293717,0.9998669087628216,0.06761855711247886,0.001798521986997751,-50.51162134293717,0.9999894713275295,0.06761855711247886
151,0.05552663467516747,0.1425690368284389,0.001835782080964016,-50.19693180304411,0.9998635526270888,0.06762496817671948,0.001835782080964016,-50.19693180304411,0.9999895516510428,0.06762496817671948
152,0.05589194148224094,0.142926904528838,0.0024660663890209026,-45.796410397566184,0.9998158610878205,0.06764576027058986,0.0024660663890209026,-45.796410397566184,0.9999865379190098,0.06764576027058986
153,0.05625724828931441,0.14303085030953258,0.002606526686690963,-44.96644506337071,0.9998045283791132,0.06765101880836727,0.002606526686690963,-44.96644506337071,0.9999862128461758,0.06765101880836727
154,0.05662255509638788,0.1429971786698187,0.0016174152367671633,-51.97797625728617,0.9998781624517588,0.06767252053759286,0.0016174152367671633,-51.97797625728617,0.9999918674019409,0.06767252053759286
155,0.056987861903461355,0.14316381128687164,0.0013815044015787756,-54.25467508419778,0.9998954537839013,0.06770184800006279,0.0013815044015787756,-54.25467508419778,0.9999934383528629,0.06770184800006279
156,0.057718475517608295,0.14353358928008667,0.0022617039210640123,-46.953554981941544,0.9998273842746848,0.06771076187107102,0.0022617039210640123,-46.953554981941544,0.9999900279021791,0.06771076187107102
157,0.05808378232468176,0.14351317380223813,0.0015517416453796292,-52.48729144429779,0.9998810594648955,0.06772556942186667,0.0015517416453796292,-52.48729144429779,0.9999935218247263,0.06772556942186667
158,0.058449089131755234,0.14361975590267934,0.0015007181762381008,-52.95610452788996,0.9998844770000479,0.06773846159956773,0.0015007181762381008,-52.95610452788996,0.9999940559384098,0.06773846159956773
159,0.0588143959388287,0.1437206405958891,0.0016942842192907968,-51.150885787331646,0.9998690262836917,0.06774629141849074,0.0016942842192907968,-51.150885787331646,0.9999935970001109,0.06774629141849074
160,0.059179702745902174,0.1439153200576819,0.0014954272106177484,-52.9569911295001,0.9998839029534077,0.06776354609505147,0.0014954272106177484,-52.9569911295001,0.9999947387168249,0.06776354609505147
161,0.05954500955297564,0.1439828345110811,0.0012000108094162847,-56.17344062458771,0.9999064422665979,0.06777952512404636,0.0012000108094162847,-56.17344062458771,0.9999960627156126,0.06777952512404636
162,0.059910316360049114,0.14430729471671375,0.0021343005867394886,-47.65937566669816,0.9998328978504891,0.06779079983960493,0.0021343005867394886,-47.65937566669816,0.9999934161594404,0.06779079983960493
163,0.06027562316712259,0.14433592344517657,0.001579449566311646,-52.0764341187193,0.9998758294924334,0.06780086967476881,0.001579449566311646,-52.0764341187193,0.9999954919902303,0.06780086967476881
164,0.06064092997419605,0.14449671977054476,0.001892317021474066,-49.39190982638053,0.9998506163067832,0.06781152469357825,0.001892317021474066,-49.39190982638053,0.999994983719254,0.06781152469357825
165,0.06100623678126953,0.14461302228176173,0.0017583860844527742,-50.4518635218786,0.9998606220042389,0.06782181694181,0.0017583860844527742,-50.4518635218786,0.9999957365594986,0.06782181694181
166,0.06137154358834299,0.14468699148090317,0.0015872720940304503,-51.93305516661103,0.9998736651858313,0.06783726106652105,0.0015872720940304503,-51.93305516661103,0.999996527172301,0.06783726106652105
167,0.061736850395416466,0.14510223696583277,0.0028030942206914078,-43.534992946455205,0.9997759805914775,0.06784542554367438,0.0028030942206914078,-43.534992946455205,0.9999944099903747,0.06784542554367438
168,0.06210215720248993,0.1448730717680905,0.0010772787203626986,-57.588483391292385,0.9999135569710342,0.06786445653458727,0.0010772787203626986,-57.588483391292385,0.9999981694725354,0.06786445653458727
169,0.062467464009563406,0.14504006822216275,0.0008586029526336073,-60.89705911162713,0.9999308241470106,0.06787949086994326,0.0008586029526336073,-60.89705911162713,0.9999987704966086,0.06787949086994326
170,0.06283277081663688,0.1453161340000595,0.0015777050931616082,-51.920966527100994,0.9998723809912297,0.06788538973166586,0.0015777050931616082,-51.920966527100994,0.9999980463581372,0.06788538973166586
171,0.06319807762371034,0.14542166939619844,0.0012742524791497349,-55.028202173251984,0.9998965076525809,0.0679058899241322,0.0012742524791497349,-55.028202173251984,0.999998781870684,0.0679058899241322
172,0.06356338443078381,0.14558117489058378,0.0014285877948229644,-53.32914028576907,0.9998835188891029,0.06791199369042604,0.0014285877948229644,-53.32914028576907,0.9999989370835676,0.06791199369042604
173,0.06392869123785729,0.14576289554803698,0.0017274764813729427,-50.513823783615905,0.9998585945704651,0.0679208128927947,0.0017274764813729427,-50.513823783615905,0.9999990894156999,0.0679208128927947
174,0.06429399804493076,0.1459658016555551,0.0016965590020631865,-50.73831986807517,0.9998605640977192,0.06794311546445946,0.0016965590020631865,-50.73831986807517,0.9999996118723434,0.06794311546445946
175,0.06465930485200423,0.14594532180308226,0.0012597814463632332,-55.105882196645666,0.9998960681627135,0.0679479284951422,0.0012597814463632332,-55.105882196645666,0.9999999800323628,0.0679479284951422
176,0.06502461165907769,0.14622959944828048,0.0016823217990303452,-50.82825224261629,0.9998606703611211,0.06795664679013595,0.0016823217990303452,-50.82825224261629,1.0000003732868772,0.06795664679013595
177,0.06538991846615116,0.14649959517437713,0.002379873402888156,-45.70587047198404,0.9998021356468999,0.06796701128877926,0.002379873402888156,-45.70587047198404,1.0000010549319558,0.06796701128877926
178,0.06575522527322464,0.14649293490256782,0.001611827550736267,-51.409328138285,0.9998654783147692,0.0679803990998619,0.001611827550736267,-51.409328138285,1.0000011627568002,0.0679803990998619
179,0.06612053208029811,0.14650889012433743,0.0010329417820370383,-57.921839010012825,0.9999134614832046,0.06799595229737654,0.0010329417820370383,-57.921839010012825,1.00000103484794,0.06799595229737654
180,0.06648583888737157,0.14667152214019274,0.0009247587807458075,-59.51604969990802,0.9999222282734191,0.0680109510697073,0.0009247587807458075,-59.51604969990802,1.0000011861552782,0.0680109510697073
181,0.06685114569444504,0.1468837842165845,0.001400433362522301,-53.40167481392738,0.9998817835767114,0.06801608125230914,0.001400433362522301,-53.40167481392738,1.0000020897520825,0.06801608125230914
182,0.06721645250151852,0.1470176375989215,0.0013357181058833065,-54.07366061841482,0.9998868238447651,0.06802665323089453,0.0013357181058833065,-54.07366061841482,1.0000023350423788,0.06802665323089453
183,0.06758175930859199,0.14713880609199628,0.000951211278372484,-59.0261943736928,0.9999190989145443,0.06804396957216009,0.000951211278372484,-59.0261943736928,1.0000019558662572,0.06804396957216009
184,0.06794706611566546,0.14730775436210344,0.001427745285472742,-53.04965991608561,0.999878124726747,0.06804744193544734,0.001427745285472742,-53.04965991608561,1.0000032155984937,0.06804744193544734
185,0.06831237292273892,0.1475400747624976,0.0016561604939669635,-50.84536254613098,0.9998581030701559,0.06805775723876244,0.0016561604939669635,-50.84536254613098,1.0000041643532183,0.06805775723876244
186,0.0686776797298124,0.14764388316278823,0.0012452784559228664,-54.998503453358154,0.9998929115334118,0.06807506203106305,0.0012452784559228664,-54.998503453358154,1.0000035213305902,0.06807506203106305
187,0.06904298653688587,0.14787187354836817,0.0015302773336536074,-51.94680801327834,0.9998679206884903,0.06808659167408004,0.0015302773336536074,-51.94680801327834,1.000004735531384,0.06808659167408004
188,0.06940829334395934,0.14800786767164084,0.0012613587238197981,-54.74940575710807,0.9998907293644185,0.06810370920289652,0.0012613587238197981,-54.74940575710807,1.0000042972116132,0.06810370920289652
189,0.0697736001510328,0.1479959721304322,0.0008402880397032642,-60.70084111274448,0.9999269491694153,0.06810763322682828,0.0008402880397032642,-60.70084111274448,1.0000030572459055,0.06810763322682828
190,0.07013890695810628,0.14816901956564235,0.0008067953969492646,-61.26400850794885,0.9999296067039279,0.06812338915648955,0.0008067953969492646,-61.26400850794885,1.0000031803119886,0.06812338915648955
191,0.07050421376517975,0.14843081123415966,0.0012865283513623419,-54.40140950023571,0.9998873526264058,0.06812712459476937,0.0012865283513623419,-54.40140950023571,1.0000053705271057,0.06812712459476937
192,0.07086952057225322,0.148658593255443,0.0012540673562735877,-54.74664085806675,0.9998898043227483,0.0681392113711439,0.0012540673562735877,-54.74664085806675,1.0000056200480656,0.0681392113711439
193,0.0712348273793267,0.14880283950672396,0.0011048721770547769,-56.578030942107574,0.9999025706995289,0.06815095170933708,0.0011048721770547769,-56.578030942107574,1.000005275649675,0.06815095170933708
194,0.07160013418640016,0.14877516259650764,0.0008584037787499967,-60.26233208456285,0.9999240402703905,0.06816117989408865,0.0008584037787499967,-60.26233208456285,1.0000043122395104,0.06816117989408865
195,0.07196544099347363,0.14914812741089173,0.0010292237329069275,-57.56277007688605,0.9999086049905749,0.06817508864968316,0.0010292237329069275,-57.56277007688605,1.0000055281306184,0.06817508864968316
196,0.0723307478005471,0.1494314903704813,0.001670270935398382,-50.44686359199002,0.9998511666962172,0.0681806376115457,0.001670270935398382,-50.44686359199002,1.0000093746946244,0.0681806376115457
197,0.07269605460762057,0.14952198561807292,0.0012296787466313502,-54.908457541455036,0.9998900493756888,0.06819318426990847,0.0012296787466313502,-54.908457541455036,1.000007292430662,0.06819318426990847
198,0.07306136141469403,0.14964482201758736,0.000943882049894794,-58.758246471926064,0.9999153155628853,0.0682050237591343,0.000943882049894794,-58.758246471926064,1.0000058934655203,0.0682050237591343
199,0.07342666822176751,0.15016321857602138,0.0024667512334802695,-44.660205988034996,0.9997779281901712,0.06821129529156866,0.0024667512334802695,-44.660205988034996,1.000015998695272,0.06821129529156866
200,0.07379197502884098,0.15008196796458714,0.0013282961967472696,-53.70281023431332,0.9998800172952688,0.06822447181552062,0.0013282961967472696,-53.70281023431332,1.0000090682659348,0.06822447181552062
201,0.07415728183591445,0.15029819265524205,0.001215836336887439,-54.97190354795273,0.9998898088826915,0.06823436374378247,0.001215836336887439,-54.97190354795273,1.000008694723374,0.06823436374378247
202,0.07452258864298793,0.1504592309644098,0.0010041474751954092,-57.746240057732386,0.9999086931153472,0.06824582577214203,0.0010041474751954092,-57.746240057732386,1.000007511010765,0.06824582577214203
203,0.07488789545006139,0.1509088947514697,0.0019273357623483148,-48.1679038194672,0.9998241659895215,0.06825673180897071,0.0019273357623483148,-48.1679038194672,1.000015015390206,0.06825673180897071
204,0.07525320225713486,0.15101836192580045,0.0013790865076448687,-53.04064362896194,0.9998737762299568,0.06826851649273478,0.0013790865076448687,-53.04064362896194,1.000011231850381,0.06826851649273478
